id,brand,name,group
1,하기스,하기스 2023 네이처메이드 기저귀 1단계 밴드형,하기스_네이처메이드_1단계_밴드형
2,하기스,하기스 2023 네이처메이드 기저귀 2단계 밴드형,하기스_네이처메이드_2단계_밴드형
3,하기스,하기스 2023 네이처메이드 기저귀 3단계 밴드형,하기스_네이처메이드_3단계_밴드형
4,하기스,하기스 크린베베 순면감촉 기저귀 대형 일자형,하기스_크린베베_대형_일자형
5,마미포코,마미포코 에어핏 공기솔솔 기저귀 점보형 팬티형 (남녀선택),마미포코_에어핏_점보형_팬티형
6,하기스,하기스 2022 보송보송 기저귀 5단계 팬티형,하기스_보송보송_5단계_팬티형
7,마미포코,마미포코 에어핏 공기솔솔 기저귀 특대형 팬티형 (남녀선택),마미포코_에어핏_특대형_팬티형
8,하기스,하기스 2023 맥스드라이 기저귀 5단계 팬티형,하기스_맥스드라이_5단계_팬티형
9,마미포코,마미포코 에어핏 공기솔솔 기저귀 대형 팬티형 (남녀선택),마미포코_에어핏_대형_팬티형
10,하기스,하기스 2023 매직컴포트 기저귀 5단계 팬티형,하기스_매직_5단계_팬티형
11,하기스,하기스 크린베베 순면감촉 기저귀 소형 일자형,하기스_크린베베_소형_일자형
12,하기스,하기스 2022 보송보송 기저귀 6단계 팬티형,하기스_보송보송_6단계_팬티형
13,하기스,하기스 2023 네이처메이드 기저귀 4단계 밴드형,하기스_네이처메이드_4단계_밴드형
14,하기스,하기스 2023 맥스드라이 기저귀 2단계 밴드형,하기스_맥스드라이_2단계_밴드형
15,하기스,하기스 2023 네이처메이드 기저귀 5단계 팬티형,하기스_네이처메이드5단계_팬티형
16,하기스,하기스 2023 맥스드라이 기저귀 3단계 밴드형,하기스_맥스드라이_3단계_밴드형
17,하기스,하기스 2023 네이처메이드 밤부 기저귀 2단계 밴드형,하기스_네이처메이드 밤부_2단계_밴드형
18,하기스,하기스 2023 매직컴포트 기저귀 6단계 팬티형,하기스_매직_6단계_팬티형
19,하기스,하기스 2020 네이처메이드 이른둥이 중형 밴드형,하기스_네이처메이드 이른둥이_3단계_밴드형
20,하기스,하기스 크린베베 순면감촉 기저귀 중형 일자형,하기스_크린베베_중형_일자형
21,하기스,하기스 2023 맥스드라이 기저귀 6단계 팬티형 (남녀선택),하기스_맥스드라이_6단계_팬티형
22,마미포코,마미포코 플렉스 팬티 기저귀 특대형 (남녀선택),마미포코_플렉스_특대형_팬티형
23,하기스,하기스 2021 굿나이트 기저귀 대형 팬티형 (남녀선택),하기스_굿나이트_대형_팬티형
24,하기스,하기스 2022 보송보송 기저귀 3단계 밴드형,하기스_보송보송_3단계_밴드형
25,하기스,하기스 2023 네이처메이드 기저귀 6단계 팬티형,하기스_네이처메이드_6단계_팬티형
26,하기스,하기스 2023 맥스드라이 기저귀 4단계 팬티형,하기스_맥스드라이_4단계_팬티형
27,하기스,하기스 2023 네이처메이드 기저귀 5단계 팬티형 (남녀선택),하기스_네이처메이드_5단계_팬티형
28,마미포코,마미포코 꿀잠 팬티 기저귀 특대형,마미포코_꿀잠_특대형_팬티형
29,마미포코,마미포코 에어핏 공기솔솔 기저귀 중형 팬티형,마미포코_에어핏_중형_팬티형
30,마미포코,마미포코 플렉스 팬티 기저귀 특대형,마미포코_플렉스_특대형_팬티형
31,네추럴블라썸,네추럴블라썸 울트라슬림 기저귀 XL 팬티형,네추럴블라썸_울트라슬림_XL_팬티형
32,하기스,하기스 2023 맥스드라이 기저귀 6단계 팬티형,하기스_맥스드라이_6단계_팬티형
33,하기스,하기스 2022 보송보송 기저귀 7단계 팬티형,하기스_보송보송_7단계_팬티형
34,하기스,하기스 2022 보송보송 기저귀 4단계 밴드형,하기스_보송보송_4단계_밴드형
35,하기스,하기스 2023 맥스드라이 기저귀 5단계 팬티형 (남녀선택),하기스_맥스드라이_5단계_팬티형
36,페넬로페,페넬로페 미라클 올데이 기저귀 특대형 팬티형,페넬로페_미라클_특대형_팬티형
37,네추럴블라썸,네추럴블라썸 울트라슬림 기저귀 L 팬티형,네추럴블라썸_울트라슬림_L_팬티형
38,네추럴블라썸,네추럴블라썸 울트라슬림 기저귀 XXL 팬티형,네추럴블라썸_울트라슬림_XXL_팬티형
39,하기스,하기스 2023 네이처메이드 기저귀 6단계 팬티형 (남녀선택),하기스_네이처메이드_6단계_팬티형
40,하기스,하기스 2023 맥스드라이 기저귀 4단계 밴드형,하기스_맥스드라이_4단계_밴드형
41,하기스,하기스 2023 네이처메이드 기저귀 4단계 팬티형,하기스_네이처메이드_4단계_팬티형
42,하기스,하기스 2023 네이처메이드 밤부 기저귀 6단계 팬티형 (남녀선택),하기스_네이처메이드 밤부_6단계_팬티형
43,하기스,하기스 2021 굿나이트 기저귀 중형 팬티형 (남녀선택),하기스_굿나이트_중형_팬티형
44,하기스,하기스 2023 네이처메이드 기저귀 3단계 밴드형 (남녀선택),하기스_네이처메이드_3단계_밴드형
45,하기스,하기스 2023 네이처메이드 기저귀 7단계 팬티형,하기스_네이처메이드_7단계_팬티형
46,하기스,하기스 2023 네이처메이드 기저귀 4단계 팬티형 (남녀선택),하기스_네이처메이드_4단계_팬티형
47,하기스,하기스 2023 네이처메이드 밤부 기저귀 3단계 밴드형 (남녀선택),하기스_네이처메이드 밤부_3단계_밴드형
48,하기스,하기스 2023 네이처메이드 밤부 기저귀 4단계 팬티형 (남녀선택),하기스_네이처메이드 밤부_4단계_팬티형
49,페넬로페,페넬로페 2020 씬씬씬 플러스 기저귀 특대형 팬티형 (남녀선택),페넬로페_씬씬씬_특대형_팬티형
50,네추럴블라썸,네추럴블라썸 울트라슬림 기저귀 XXXL 팬티형,네추럴블라썸_울트라슬림_XXXL_팬티형
51,하기스,하기스 2022 보송보송 기저귀 4단계 팬티형,하기스_보송보송_4단계_팬티형
52,하기스,하기스 2023 맥스드라이 기저귀 4단계 팬티형 (남녀선택),하기스_맥스드라이_4단계_팬티형
53,하기스,하기스 2022 보송보송 기저귀 2단계 밴드형,하기스_보송보송_2단계_밴드형
54,페넬로페,페넬로페 씬씬씬 플러스 기저귀 빅형 팬티형 (남녀선택),페넬로페_씬씬씬_빅형_팬티형
55,하기스,하기스 2023 매직컴포트 기저귀 2단계 밴드형,하기스_매직_2단계_밴드형
56,하기스,하기스 2023 네이처메이드 밤부 기저귀 1단계 밴드형,하기스_네이처메이드 밤부_1단계_밴드형
57,하기스,하기스 2022 네이처메이드 오가닉 코튼커버 기저귀 2단계 밴드형,하기스_네이처메이드 오가닉_2단계_밴드형
58,하기스,하기스 2022 보송보송 기저귀 5단계 밴드형,하기스_보송보송_5단계_밴드형
59,하기스,하기스 2023 네이처메이드 밤부 기저귀 5단계 팬티형 (남녀선택),하기스_네이처메이드 밤부_5단계_팬티형
60,하기스,하기스 2022 네이처메이드 오가닉 코튼커버 기저귀 5단계 팬티형 (남녀선택),하기스_네이처메이드 오가닉_5단계_팬티형
61,하기스,하기스 2023 맥스드라이 기저귀 3단계 팬티형,하기스_맥스드라이_3단계_팬티형
62,마미포코,마미포코 플렉스 팬티 기저귀 대형 (남녀선택),마미포코_플렉스_대형_팬티형
63,하기스,하기스 2023 매직컴포트 썸머 기저귀 5단계 팬티형,하기스_매직_5단계_팬티형
64,쿠잉,쿠잉 베러업 기저귀 특대형 팬티형,쿠잉_베러_특대형_팬티형
65,하기스,하기스 2023 네이처메이드 퓨어코튼 기저귀 2단계 밴드형,하기스_네이처메이드 퓨어코튼_2단계_밴드형
66,하기스,하기스 2023 네이처메이드 퓨어코튼 기저귀 1단계 밴드형,하기스_네이처메이드 퓨어코튼_1단계_밴드형
67,하기스,하기스 2023 맥스드라이 기저귀 7단계 팬티형,하기스_맥스드라이_7단계_팬티형
68,네추럴블라썸,네추럴블라썸 울트라슬림 기저귀 M 밴드형,네추럴블라썸_울트라슬림_M_밴드형
69,하기스,하기스 2021 맥스드라이 기저귀 4단계 팬티형,하기스_맥스드라이_4단계_팬티형
70,하기스,하기스 2023 네이처메이드 기저귀 3단계 팬티형,하기스_네이처메이드 3단계_팬티형
71,하기스,하기스 2023 매직컴포트 기저귀 7단계 팬티형,하기스_매직_7단계_팬티형
72,하기스,하기스 2022 네이처메이드 오가닉 코튼커버 기저귀 3단계 밴드형 (남녀선택),하기스_네이처메이드 오가닉_3단계_밴드형
73,하기스,하기스 2023 매직컴포트 기저귀 4단계 팬티형,하기스_매직_4단계_팬티형
74,하기스,하기스 2023 네이처메이드 기저귀 3단계 팬티형 (남녀선택),하기스_네이처메이드 3단계_팬티형
75,마미포코,마미포코 꿀잠 팬티 기저귀 대형,마미포코_꿀잠_대형_팬티형
76,페넬로페,페넬로페 2023 씬씬씬 아이스 썸머 기저귀 특대형 팬티형,페넬로페_씬씬씬_특대형_팬티형
77,하기스,하기스 2023 매직컴포트 기저귀 3단계 밴드형,하기스_매직_3단계_밴드형
78,슈퍼대디,슈퍼대디 매직슬림 기저귀 대형 팬티형,슈퍼대디_매직_대형_팬티형
79,하기스,하기스 2023 네이처메이드 팬티 썸머 4단계,하기스_네이처메이드 썸머_4단계_팬티형
80,하기스,하기스 2023 매직컴포트 기저귀 4단계 밴드형,하기스_매직_5단계_팬티형
81,쿠잉,쿠잉 에어드라이 기저귀 특대형 팬티형,쿠잉_에어드라이_특대형_팬티형
82,하기스,하기스 2023 매직컴포트 기저귀 5단계 팬티형 (남녀선택),하기스_매직_1단계_밴드형
83,하기스,하기스 2022 네이처메이드 오가닉 코튼커버 기저귀 4단계 팬티형 (남녀선택),하기스_네이처메이드 오가닉_4단계_팬티형
84,하기스,하기스 2023 네이처메이드 기저귀 5단계 밴드형,하기스_네이처메이드 5단계_밴드형
85,마미포코,마미포코 2022 땀먹는 썸머 팬티 기저귀 특대형 (남녀선택),마미포코_특대형_팬티형
86,마미포코,마미포코 플렉스 팬티 기저귀 대형,마미포코_플렉스_대형_팬티형
87,마미포코,마미포코 리프가닉 무표백 기저귀 특대형 팬티형 (남녀선택),마미포코_리프가닉_특대형_팬티형
88,하기스,하기스 2021 네이처메이드 기저귀 1단계 밴드형,하기스_네이처메이드 1단계_밴드형
89,하기스,하기스 2023 매직컴포트 기저귀 1단계 밴드형,하기스_매직_4단계_밴드형
90,하기스,하기스 2023 맥스드라이 기저귀 7단계 팬티형 (남녀선택),하기스_맥스드라이_7단계_팬티형
91,하기스,하기스 2023 네이처메이드 팬티 썸머 5단계,하기스_네이처메이드 썸머_5단계_팬티형
92,하기스,하기스 2023 네이처메이드 퓨어코튼 기저귀 4단계 팬티형,하기스_네이처메이드 퓨어코튼_4단계_팬티형
93,하기스,하기스 2023 네이처메이드 퓨어코튼 기저귀 5단계 팬티형,하기스_네이처메이드 퓨어코튼_5단계_팬티형
94,하기스,하기스 2023 네이처메이드 기저귀 4단계 밴드형 (남녀선택),하기스_네이처메이드 4단계_밴드형
95,하기스,하기스 2021 맥스드라이 기저귀 6단계 팬티형 (남녀선택),하기스_맥스드라이_6단계_팬티형
96,하기스,하기스 2023 네이처메이드 기저귀 2단계 팬티형,하기스_네이처메이드 2단계_팬티형
97,페넬로페,페넬로페 2020 씬씬씬 플러스 기저귀 대형 팬티형 (남녀선택),페넬로페_씬씬씬_대형_팬티형
98,하기스,하기스 2023 매직컴포트 기저귀 4단계 팬티형 (남녀선택),하기스_매직_4단계_팬티형
99,쿠잉,쿠잉 베러업 기저귀 점보형 팬티형,쿠잉_베러_점보형_팬티형
100,하기스,하기스 2023 네이처메이드 팬티 썸머 6단계,하기스_네이처메이드 썸머_6단계_팬티형
101,하기스,하기스 2021 네이처메이드 기저귀 5단계 팬티형 (남녀선택),하기스_네이처메이드_5단계_팬티형
102,네추럴블라썸,네추럴블라썸 초박형 기저귀 XL 팬티형,네추럴블라썸_초박형_XL_팬티형
103,네추럴블라썸,네추럴블라썸 울트라슬림 기저귀 L 밴드형,네추럴블라썸_울트라슬림_L_밴드형
104,네추럴블라썸,네추럴블라썸 울트라슬림 기저귀 S 밴드형,네추럴블라썸_울트라슬림_S_밴드형
105,하기스,하기스 2021 네이처메이드 기저귀 2단계 밴드형,하기스_네이처메이드_2단계_밴드형
106,하기스,하기스 2023 매직컴포트 기저귀 6단계 팬티형 (남녀선택),하기스_매직_6단계_팬티형
107,하기스,하기스 2020 크린베베 순면감촉 기저귀 대형 일자형,하기스_크린베베_대형_일자형
108,페넬로페,페넬로페 미라클 올데이 기저귀 빅형 팬티형,페넬로페_미라클_빅형_팬티형
109,하기스,하기스 2021 맥스드라이 기저귀 2단계 밴드형,하기스_맥스드라이_2단계_밴드형
110,보솜이,보솜이 메가드라이 기저귀 특대형 팬티형 (남녀선택),보솜이_메가드라이_특대형_팬티형
111,마미포코,마미포코 리프가닉 무표백 기저귀 대형 팬티형 (남녀선택),마미포코_리프가닉_대형_팬티형
112,하기스,하기스 2023 맥스드라이 기저귀 5단계 밴드형,하기스_맥스드라이_5단계_밴드형
113,하기스,하기스 2021 맥스드라이 기저귀 5단계 팬티형（남녀선택）,하기스_맥스드라이_5단계_팬티형
114,하기스,하기스 2023 맥스드라이 기저귀 3단계 팬티형 (남녀선택),하기스_맥스드라이_3단계_팬티형
115,네추럴블라썸,네추럴블라썸 울트라슬림 기저귀 NB 밴드형,네추럴블라썸_울트라슬림_NB_밴드형
116,하기스,하기스 2021 맥스드라이 기저귀 3단계 밴드형,하기스_맥스드라이_3단계_밴드형
117,NABIZAM,NABIZAM 2022 울트라씬 듀얼핏 기저귀 JB 팬티형,NABIZAM_울트라씬_XXL_팬티형
118,하기스,하기스 2022 네이처메이드 오가닉 코튼커버 기저귀 1단계 밴드형,하기스_네이처메이드 오가닉_1단계_밴드형
119,보솜이,보솜이 원더바이원더 기저귀 신생아 밴드형,보솜이_원더바이원더_신생아_밴드형
120,하기스,하기스 2020 크린베베 순면감촉 기저귀 소형 일자형,하기스_크린베베_소형_일자형
121,페넬로페,페넬로페 미라클 올데이 기저귀 대형 팬티형,페넬로페_미라클_대형_팬티형
122,하기스,하기스 2021 맥스드라이 기저귀 4단계 팬티형 (남녀선택),하기스_맥스드라이_4단계_팬티형
123,하기스,하기스 2023 맥스드라이 기저귀 6단계 밴드형,하기스_맥스드라이_6단계_밴드형
124,보솜이,보솜이 리얼코튼 오가니크 기저귀 중형 밴드형,보솜이_리얼코튼_중형_밴드형
125,마미포코,마미포코 2022 땀먹는 썸머 팬티 기저귀 대형 (남녀선택),마미포코_대형_팬티형
126,NABIZAM,NABIZAM 2022 울트라씬 듀얼핏 기저귀 XL 팬티형,NABIZAM_울트라씬_XL_팬티형
127,마미포코,마미포코 리프가닉 무표백 기저귀 중형 밴드형,마미포코_리프가닉_중형_밴드형
128,하기스,하기스 2023 네이처메이드 썸머 기저귀 3단계 밴드형,하기스_네이처메이드 썸머_3단계_밴드형
129,모모래빗,모모래빗 에코드라이 기저귀 XL 팬티형,모모래빗_에코드라이_XL_팬티형
130,페넬로페,페넬로페 2020 씬씬씬 플러스 기저귀 중형 밴드형,페넬로페_씬씬씬_중형_밴드형
131,하기스,하기스 2020 네이처메이드 이른둥이 소형 밴드형,하기스_네이처메이드_3단계_밴드형
132,마미포코,마미포코 에어핏 공기솔솔 기저귀 소형 밴드형,마미포코_에어핏_소형_밴드형
133,페넬로페,페넬로페 씬씬씬 아이스 썸머 기저귀 점보형 팬티형,페넬로페_씬씬씬_점보형_팬티형
134,팸퍼스,팸퍼스 베이비드라이 4단계 밴드형 (리뉴얼),팸퍼스_4단계_밴드형
135,하기스,하기스 2023 네이처메이드 썸머 기저귀 2단계 밴드형,하기스_네이처메이드 썸머_2단계_밴드형
136,하기스,하기스 2023 맥스드라이 기저귀 1단계 밴드형,하기스_맥스드라이_1단계_밴드형
137,페넬로페,페넬로페 2020 씬씬씬 플러스 기저귀 소형 밴드형,페넬로페_씬씬씬_소형_밴드형
138,하기스,하기스 2023 네이처메이드 퓨어코튼 기저귀 3단계 밴드형,하기스_네이처메이드 퓨어코튼_3단계_밴드형
139,하기스,하기스 2021 네이처메이드 기저귀 3단계 밴드형,하기스_네이처메이드 3단계_밴드형
140,보솜이,보솜이 리얼코튼 오가니크 기저귀 특대형 팬티형 (남녀선택),보솜이_리얼코튼_특대형_팬티형
141,페넬로페,페넬로페 2020 씬씬씬 플러스 기저귀 신생아 밴드형,페넬로페_씬씬씬_신생아_밴드형
142,페넬로페,페넬로페 미라클 올데이 기저귀 중형 밴드형,페넬로페_미라클_중형_밴드형
143,마미포코,마미포코 피부 온기 케어 특대형 팬티형 (남녀선택),마미포코_온기_특대형_팬티형
144,코코핏,코코핏 랄랄라 기저귀 소형 밴드형,코코핏_랄랄라_소형_밴드형
145,하기스,하기스 2023 네이처메이드 퓨어코튼 기저귀 6단계 팬티형,하기스_네이처메이드 퓨어코튼_6단계_팬티형
146,하기스,하기스 2023 네이처메이드 기저귀 5단계 밴드형 (남녀선택),하기스_네이처메이드 5단계_밴드형
147,하기스,하기스 2023 매직컴포트 썸머 기저귀 4단계 팬티형,하기스_매직_4단계_팬티형
148,하기스,하기스 2021 맥스드라이 기저귀 3단계 팬티형,하기스_맥스드라이_3단계_팬티형
149,쿠잉,쿠잉 에어드라이 기저귀 키즈 팬티형,쿠잉_에어드라이_키즈형_팬티형
150,하기스,하기스 2021 네이처메이드 기저귀 3단계 팬티형 (남녀선택),하기스_네이처메이드 3단계_팬티형
151,하기스,하기스 2021 맥스드라이 기저귀 6단계 팬티형,하기스_맥스드라이_6단계_팬티형
152,하기스,하기스 2021 네이처메이드 기저귀 3단계 밴드형 (남녀선택),하기스_네이처메이드 3단계_밴드형
153,하기스,하기스 2023 네이처메이드 밤부 기저귀 4단계 밴드형 (남녀선택),하기스_네이처메이드 밤부_4단계_밴드형
154,코코핏,코코핏 랄랄라 기저귀 뉴본 밴드형,코코핏_랄랄라_뉴본_밴드형
155,하기스,하기스 2021 맥스드라이 기저귀 5단계 밴드형,하기스_맥스드라이_5단계_밴드형
156,보솜이,보솜이 메가드라이 기저귀 점보형 팬티형 (남녀선택),보솜이_메가드라이_점보형_팬티형
157,마미포코,마미포코 피부 온기 케어 대형 팬티형 (남녀선택),마미포코_온기_대형_팬티형
158,페넬로페,페넬로페 2022 씬씬씬 썸머 기저귀 대형 팬티형,페넬로페_씬씬씬_대형_팬티형
159,코코핏,코코핏 랄랄라 기저귀 특대형 팬티형,코코핏_랄랄라_특대형_팬티형
160,하기스,하기스 2022 네이처메이드 오가닉 코튼커버 기저귀 3단계 팬티형 (남녀선택),하기스_네이처메이드 오가닉_3단계_팬티형
161,마미포코,마미포코 리프가닉 무표백 기저귀 소형 밴드형,마미포코_리프가닉_소형_밴드형
162,마미포코,마미포코 에어핏 공기솔솔 기저귀 중형 밴드형,마미포코_에어핏_중형_밴드형
163,로맘스,로맘스 에어키키 기저귀 특대형 팬티형,로맘스_특대형_팬티형
164,앙블랑,앙블랑 킵프렌즈 기저귀 6단계 팬티형 (남녀선택),앙블랑_6단계_팬티형
165,노브랜드,노브랜드 아기기저귀 대형 팬티형,노브랜드_대형_팬티형
166,NABIZAM,NABIZAM 2022 울트라씬 듀얼핏 기저귀 L 팬티형,NABIZAM_울트라씬_L_팬티형
167,NABIZAM,NABIZAM 2021 울트라씬 듀얼핏 중형 밴드형,NABIZAM_울트라씬_M_밴드형
168,마미포코,마미포코 에어핏 공기솔솔 기저귀 대형 밴드형,마미포코_에어핏_대형_밴드형
169,NABIZAM,NABIZAM 2022 울트라씬 듀얼핏 기저귀 KIDS 팬티형,NABIZAM_울트라씬_키즈형_팬티형
170,코코핏,코코핏 랄랄라 기저귀 중형 밴드형,코코핏_랄랄라_중형_밴드형
171,슈퍼대디,슈퍼대디 2023 미피 매직드라이 기저귀 특대형 팬티형,슈퍼대디_드라이_특대형_팬티형
172,하기스,하기스 2021 네이처메이드 밤부 기저귀 4단계 팬티형 (남녀선택),하기스_네이처메이드 밤부_4단계_팬티형
173,하기스,하기스 2021 매직 컴포트 기저귀 1단계 밴드형,하기스_매직_1단계_밴드형
174,보솜이,보솜이 원더바이원더 기저귀 중형 밴드형,보솜이_원더바이원더_중형_밴드형
175,보솜이,보솜이 원더바이원더 기저귀 소형 밴드형,보솜이_원더바이원더_소형_밴드형
176,페넬로페,페넬로페 2023 미라클 올데이 기저귀 점보형 팬티형,페넬로페_미라클_점보형_팬티형
177,하기스,하기스 2023 매직컴포트 기저귀 3단계 팬티형,하기스_매직_3단계_팬티형
178,보솜이,보솜이 메가드라이 기저귀 대형 팬티형 (남녀선택),보솜이_메가드라이_대형_팬티형
179,보솜이,보솜이 리얼코튼 오가니크 기저귀 점보형 팬티형 (남녀선택),보솜이_리얼코튼_점보형_팬티형
180,르소메,르소메 프리미엄 기저귀 신생아용 밴드형,르소메_신생아용_밴드형
181,보솜이,보솜이 리얼코튼 오가니크 기저귀 소형 밴드형,보솜이_리얼코튼_소형_밴드형
182,쿠잉,쿠잉 에어드라이 기저귀 점보형 팬티형,쿠잉_에어드라이_점보형_팬티형
183,모모래빗,모모래빗 2023 에코 컴포트핏 기저귀 XL 팬티형,모모래빗_에코 컴포트_XL_팬티형
184,하기스,하기스 2023 네이처메이드 썸머 기저귀 4단계 밴드형,하기스_네이처메이드 썸머_4단계_밴드형
185,하기스,하기스 2023 네이처메이드 밤부 기저귀 5단계 밴드형 (남녀선택),하기스_네이처메이드 밤부_5단계_밴드형
186,하기스,하기스 2021 맥스드라이 기저귀 4단계 밴드형,하기스_맥스드라이_4단계_밴드형
187,하기스,하기스 2021 매직 컴포트 기저귀 3단계 밴드형,하기스_매직_3단계_밴드형
188,하기스,하기스 2023 매직컴포트 기저귀 3단계 팬티형 (남녀선택),하기스_매직_3단계팬티형
189,코코핏,코코핏 랄랄라 기저귀 대형 팬티형,코코핏_랄랄라_대형_팬티형
190,노브랜드,노브랜드 아기기저귀 특대형 팬티형,노브랜드_특대형_팬티형
191,프레미뇽,프레미뇽 에어스윙 팬티 6단계 점보형 팬티형 (남녀선택),프레미뇽_6단계_팬티형
192,보솜이,보솜이 원더바이원더 썸머 기저귀 점보형 팬티형,보솜이_원더바이원더_점보형_팬티형
193,하기스,하기스 2023 네이처메이드 퓨어코튼 기저귀 4단계 밴드형,하기스_네이처메이드 퓨어코튼_4단계_밴드형
194,하기스,하기스 2023 매직컴포트 기저귀 5단계 밴드형,하기스_매직_5단계_밴드형
195,네추럴블라썸,네추럴블라썸 울트라슬림 기저귀 XL 밴드형,네추럴블라썸_울트라슬림_XL_밴드형
196,하기스,하기스 맥스드라이 기저귀 7단계 팬티형,하기스_맥스드라이_7단계_팬티형
197,모모래빗,모모래빗 에코드라이 기저귀 XXL 팬티형,모모래빗_에코드라이_XXL_팬티형
198,보솜이,보솜이 리얼코튼 오가니크 기저귀 대형 팬티형 (남녀선택),보솜이_리얼코튼_대형_팬티형
200,하기스,하기스 2021 네이처메이드 기저귀 4단계 밴드형 (남녀선택),하기스_네이처메이드 4단계_밴드형
201,하기스,하기스 2023 네이처메이드 팬티 썸머 3단계,하기스_네이처메이드 썸머_3단계_팬티형
202,NABIZAM,NABIZAM 2021 울트라씬 듀얼핏 소형 밴드형,NABIZAM_울트라씬_S_밴드형
203,페넬로페,페넬로페 2020 퍼스트 클래스 기저귀 특대형 팬티형,페넬로페_퍼스트_특대형_팬티형
204,앙블랑,앙블랑 킵프렌즈 기저귀 4단계 팬티형 (남녀선택),앙블랑_4단계_팬티형
205,프레미뇽,프레미뇽 에어스윙 팬티 4단계 대형 팬티형 (남녀선택),프레미뇽_4단계_팬티형
206,하기스,하기스 2021 매직 컴포트 기저귀 6단계 팬티형 (남녀선택),하기스_매직_6단계_팬티형
207,데이데이비쥬,데이데이비쥬 라이트모션 기저귀 대형 팬티형,데이데이비쥬_대형_팬티형
208,하기스,하기스 2021 네이처메이드 기저귀 5단계 팬티형,하기스_네이처메이드 5단계_팬티형
209,페넬로페,페넬로페 2022 허그업 기저귀 대형 팬티형,페넬로페_허그업_대형_팬티형
210,페넬로페,페넬로페 미라클 올데이 기저귀 대형 밴드형,페넬로페_미라클_대형_밴드형
211,페넬로페,페넬로페 2020 퍼스트 클래스 기저귀 대형 팬티형,페넬로페_퍼스트_대형_팬티형
212,페넬로페,페넬로페 2022 허그업 기저귀 특대형 팬티형,페넬로페_허그업_특대형_팬티형
214,하기스,하기스 2020 네이처메이드 기저귀 3단계 밴드형 (남녀선택),하기스_네이처메이드 3단계_밴드형
215,하기스,하기스 2021 굿나이트 기저귀 소형 팬티형,하기스_굿나이트_소형_팬티형
216,하기스,하기스 2021 네이처메이드 기저귀 4단계 팬티형 (남녀선택),하기스_네이처메이드 4단계_팬티형
217,모모래빗,모모래빗 2021 에코씽씽 기저귀 M 밴드형,모모래빗_M_밴드형
218,앙블랑,앙블랑 킵프렌즈 기저귀 5단계 팬티형 (남녀선택),앙블랑_5단계_팬티형
219,하기스,하기스 2022 네이처메이드 오가닉 코튼커버 기저귀 4단계 밴드형 (남녀선택),하기스_네이처메이드 오가닉_4단계_밴드형
220,데이데이비쥬,데이데이비쥬 라이트모션 기저귀 특대형 팬티형,데이데이비쥬_특대형_팬티형
221,쿠잉,쿠잉 베러 기저귀 점보형 팬티형,쿠잉_베러_점보형_팬티형
222,하기스,하기스 2023 네이처메이드 기저귀 6단계 밴드형,하기스_네이처메이드 6단계_밴드형
223,하기스,하기스 2023 네이처메이드 밤부 기저귀 3단계 팬티형 (남녀선택),하기스_네이처메이드 밤부_3단계_팬티형
224,하기스,하기스 2022 네이처메이드 썸머 기저귀 3단계 밴드형,하기스_네이처메이드 썸머_3단계_밴드형
225,보솜이,보솜이 2020 리얼코튼 원더 점보형 팬티형 (남녀선택),보솜이_리얼코튼_점보형_팬티형
226,쿠잉,쿠잉 에어드라이 기저귀 대형 팬티형,쿠잉_에어드라이_대형_팬티형
227,페넬로페,페넬로페 2023 씬씬씬 아이스 썸머 기저귀 빅형 팬티형,페넬로페_씬씬씬_빅형_팬티형
228,보솜이,보솜이 원더바이원더 기저귀 대형 밴드형,보솜이_원더바이원더_대형_밴드형
229,하기스,하기스 2021 맥스드라이 기저귀 3단계 팬티형 (남녀선택),하기스_맥스드라이_3단계_팬티형
230,하기스,하기스 2021 네이처메이드 기저귀 5단계 밴드형 (남녀선택),하기스_네이처메이드 5단계_밴드형
231,하기스,하기스 2021 네이처메이드 기저귀 6단계 팬티형 (남녀선택),하기스_네이처메이드 6단계_팬티형
232,하기스,하기스 2021 매직 컴포트 기저귀 2단계 밴드형,하기스_매직_2단계_밴드형
233,하기스,하기스 2021 매직 컴포트 기저귀 5단계 팬티형 (남녀선택),하기스_매직_5단계_팬티형
234,하기스,하기스 2020 네이처메이드 기저귀 1단계 밴드형,하기스_네이처메이드 1단계_밴드형
235,하기스,하기스 2020 크린베베 순면감촉 기저귀 중형 일자형,하기스_크린베베_중형_일자형
236,하기스,하기스 2021 네이처메이드 밤부 기저귀 3단계 팬티형 (남녀선택),하기스_네이처메이드 밤부_3단계_팬티형
237,하기스,하기스 2021 네이처메이드 밤부 기저귀 3단계 밴드형 (남녀선택),하기스_네이처메이드 밤부_3단계_밴드형
238,하기스,하기스 2023 매직컴포트 썸머 기저귀 4단계 밴드형,하기스_매직_4단계_밴드형
239,한예지,한예지 플레이 프리미엄 원피스 기저귀 점보형 팬티형,한예지_점보형_팬티형
240,하기스,하기스 2023 매직컴포트 썸머 기저귀 6단계 팬티형,하기스_매직_6단계_팬티형
241,르소메,르소메 프리미엄 기저귀 대형 밴드형,르소메_대형_밴드형
242,마미포코,마미포코 에어핏 공기솔솔 기저귀 중형 밴드형 (남녀선택),마미포코_에어핏_중형_밴드형
243,하기스,하기스 2021 맥스드라이 기저귀 5단계 팬티형,하기스_맥스드라이_5단계_팬티형
244,페넬로페,페넬로페 2020 퍼스트 클래스 기저귀 빅형 팬티형,페넬로페_퍼스트_빅형_팬티형
245,페넬로페,페넬로페 2020 씬씬씬 플러스 기저귀 대형 밴드형,페넬로페_씬씬씬_대형_밴드형
246,데이데이비쥬,데이데이비쥬 라이트모션 기저귀 점보형 팬티형,데이데이비쥬_점보형_팬티형
247,하기스,하기스 2021 매직 컴포트 기저귀 4단계 팬티형,하기스_매직_4단계_팬티형
248,로맘스,로맘스 에어키키 기저귀 점보형 팬티형,로맘스_점보형_팬티형
249,그린핑거,그린핑거 판테딘 더마 기저귀 5단계 팬티형,그린핑거_5단계_팬티형
250,하기스,하기스 2021 매직 컴포트 기저귀 4단계 밴드형,하기스_매직_4단계_밴드형
251,포그니,포그니 신생아 소형 일자형,포그니_소형_일자형
252,페넬로페,페넬로페 미라클 올데이 기저귀 소형 밴드형,페넬로페_미라클_소형_밴드형
253,NABIZAM,NABIZAM 2022 울트라씬 듀얼핏 기저귀 M 팬티형,NABIZAM_울트라씬_M_팬티형
254,하기스,하기스 2020 보송보송 기저귀 6단계 팬티형,하기스_보송보송_6단계_팬티형
255,페넬로페,페넬로페 2022 허그업 기저귀 점보형 팬티형,페넬로페_허그업_점보형_팬티형
256,하기스,하기스 2021 매직 컴포트 기저귀 6단계 팬티형,하기스_매직_6단계_팬티형
257,보솜이,보솜이 원더바이원더 기저귀 점보형 팬티형 (남녀선택),보솜이_원더바이원더_점보형_팬티형
258,하기스,하기스 2021 네이처메이드 밤부 기저귀 5단계 팬티형 (남녀선택),하기스_네이처메이드 밤부_5단계_팬티형
259,하기스,하기스 2021 매직 컴포트 기저귀 4단계 팬티형 (남녀선택),하기스_매직_4단계_팬티형
260,하기스,하기스 2021 맥스드라이 기저귀 1단계 밴드형,하기스_맥스드라이_1단계_밴드형
261,바바랩,바바랩 울트라씬 프리미엄 기저귀 특대형 팬티형,바바랩_프리미엄_특대형_팬티형
262,베피스,베피스 드라이핏 기저귀 점보형 팬티형,베피스_드라이_점보형_팬티형
263,하기스,하기스 2022 네이처메이드 썸머 기저귀 6단계 팬티형,하기스_네이처메이드 썸머_6단계_팬티형
264,바바랩,바바랩 울트라씬 프리미엄 기저귀 점보형 팬티형 XXL,바바랩_프리미엄_점보형_팬티형
265,하기스,하기스 2022 네이처메이드 썸머 기저귀 3단계 팬티형,하기스_네이처메이드 썸머_3단계_팬티형
266,페넬로페,페넬로페 2023 씬씬씬 플러스 기저귀 점보형 팬티형 (남녀선택),페넬로페_씬씬씬_점보형_팬티형
267,쿠잉,쿠잉 베러업 기저귀 대형 팬티형,쿠잉_베러_대형_팬티형
268,그린핑거,그린핑거 판테딘 더마 기저귀 4단계 팬티형,그린핑거_4단계_팬티형
269,페넬로페,페넬로페 2022 허그업 기저귀 빅형 팬티형,페넬로페_허그업_빅형_팬티형
270,하기스,하기스 2023 매직컴포트 썸머 기저귀 3단계 밴드형,하기스_매직_3단계_밴드형
271,하기스,하기스 2021 맥스드라이 기저귀 7단계 팬티형 (남녀선택),하기스_맥스드라이_7단계_팬티형
272,노브랜드,노브랜드 아기기저귀 점보형 팬티형,노브랜드_점보형_팬티형
273,하기스,하기스 2021 네이처메이드 기저귀 4단계 밴드형,하기스_네이처메이드 4단계_밴드형
274,코코핏,코코핏 랄랄라 기저귀 중형 팬티형,코코핏_랄랄라_중형_팬티형
275,하기스,하기스 2021 매직 컴포트 기저귀 5단계 팬티형,하기스_매직_5단계_팬티형
276,NABIZAM,NABIZAM 2023 시그니처 기저귀 대형 팬티형,NABIZAM_시그니처_L_팬티형
277,마미포코,마미포코 에어핏 공기솔솔 기저귀 소형 밴드형 (남녀선택),마미포코_에어핏_소형_밴드형
278,쿠잉,쿠잉 베러 기저귀 특대형 팬티형,쿠잉_베러_특대형_팬티형
279,하기스,하기스 2021 네이처메이드 기저귀 중형 팬티형,하기스_네이처메이드 3단계_팬티형
280,하기스,하기스 2020 보송보송 기저귀 5단계 팬티형,하기스_보송보송_5단계_팬티형
281,하기스,하기스 2021 네이처메이드 밤부 기저귀 2단계 밴드형,하기스_네이처메이드 밤부_2단계_밴드형
282,코코핏,코코핏 랄랄라 기저귀 점보형 팬티형,코코핏_랄랄라_점보형_팬티형
283,하기스,하기스 2021 네이처메이드 기저귀 4단계 팬티형,하기스_네이처메이드 4단계_팬티형
284,한예지,한예지 플레이 프리미엄 원피스 기저귀 빅형 팬티형,한예지_빅형_팬티형
285,하기스,하기스 2022 매직컴포트 팬티 썸머 기저귀 6단계,하기스_매직_6단계_팬티형
286,NABIZAM,NABIZAM 2021 울트라씬 듀얼핏 특대형 밴드형,NABIZAM_울트라씬_XL_밴드형
287,페넬로페,페넬로페 2022 씬씬씬 썸머 기저귀 특대형 밴드형,페넬로페_씬씬씬_특대형_밴드형
288,보솜이,보솜이 2021 액션핏 기저귀 특대형 팬티형 (남녀선택),보솜이_액션_특대형_팬티형
289,하기스,하기스 2021 네이처메이드 밤부 기저귀 1단계 밴드형,하기스_네이처메이드 밤부_1단계_밴드형
290,페넬로페,페넬로페 2020 씬씬씬 플러스 기저귀 특대형 밴드형,페넬로페_씬씬씬_특대형_밴드형
291,마미포코,마미포코 골드 통기케어 기저귀 대형 팬티형 (남녀선택),마미포코_골드_대형_팬티형
292,보솜이,보솜이 원더바이원더 기저귀 대형 팬티형 (남녀선택),보솜이_원더바이원더_대형_팬티형
293,POLARIS,POLARIS 팡팡 울트라씬 기저귀 3XL 팬티형,POLARIS_3XL_팬티형
294,하기스,하기스 2022 네이처메이드 썸머 기저귀 2단계 밴드형,하기스_네이처메이드 썸머_2단계_밴드형
295,NABIZAM,NABIZAM 2020 매직 소프트 JB 팬티형,NABIZAM_매직_XXL_팬티형
296,하기스,하기스 2022 매직컴포트 팬티 썸머 기저귀 5단계,하기스_매직_5단계_팬티형
297,쿠잉,쿠잉 에어나이트 풀잠 기저귀 대형 팬티형,쿠잉_에어나이트_대형_팬티형
298,하기스,하기스 2023 매직컴포트 썸머 기저귀 5단계 밴드형,하기스_매직_5단계_밴드형
299,쿠잉,쿠잉 윙윙 풀커버 기저귀 L 팬티형,쿠잉_윙윙_L_팬티형
300,베피스,베피스 모션핏 점보형 팬티형,베피스_모션_점보형_팬티형
301,모모래빗,모모래빗 2023 에코씽씽 기저귀 XL 팬티형 (남녀선택),모모래빗_XL_팬티형
302,한예지,한예지 플레이 프리미엄 원피스 기저귀 특대형 팬티형,한예지_특대형_팬티형
303,하기스,하기스 2022 네이처메이드 오가닉 코튼커버 기저귀 6단계 팬티형 (남녀선택),하기스_네이처메이드 오가닉_6단계_팬티형
304,하기스,하기스 2023 네이처메이드 썸머 기저귀 5단계 밴드형,하기스_네이처메이드 썸머_5단계_밴드형
305,엘프레리,엘프레리 에어필 팬티 기저귀 XL,엘프레리_에어필_XL_팬티형
306,쿠잉,쿠잉 윙윙 풀커버 기저귀 XXL 팬티형,쿠잉_윙윙_XXL_팬티형
307,페넬로페,페넬로페 2022 씬씬씬 썸머 기저귀 중형 밴드형,페넬로페_씬씬씬_중형_밴드형
308,마미포코,마미포코 리프가닉 무표백 기저귀 대형 밴드형,마미포코_리프가닉_대형_밴드형
309,페넬로페,페넬로페 2020 퍼스트클래스 기저귀 소형 밴드형,페넬로페_퍼스트클래스_소형_밴드형
310,하기스,하기스 2022 네이처메이드 썸머 기저귀 4단계 밴드형,하기스_네이처메이드 썸머_4단계_밴드형
311,대디베이비,대디베이비 골드 기저귀 점보형 팬티형 (남녀선택),대디베이비_골드_점보형_팬티형
312,보솜이,보솜이 원더바이원더 썸머 기저귀 특대형 팬티형,보솜이_원더바이원더_특대형_팬티형
313,포그니,포그니 신생아 중형 일자형,포그니_중형_일자형
314,마미포코,마미포코 360핏 기저귀 대형 팬티형 (남녀선택),마미포코_360핏_대형_팬티형
315,모모래빗,모모래빗 에코드라이 기저귀 L 팬티형,모모래빗_에코드라이_L_팬티형
316,하기스,하기스 2020 맥스드라이 기저귀 4단계 밴드형,하기스_맥스드라이_4단계_밴드형
317,엘프레리,엘프레리 에어윙 기저귀 M 밴드형,엘프레리_에어윙_M_밴드형
318,하기스,하기스 2022 매직컴포트 팬티 썸머 기저귀 4단계,하기스_매직_4단계_밴드형
319,쿠잉,쿠잉 에어드라이 기저귀 중형 밴드형,쿠잉_에어드라이_중형_밴드형
320,쿠잉,쿠잉 에어나이트 풀잠 기저귀 점보 팬티형,쿠잉_에어나이트_점보_팬티형
321,보솜이,보솜이 2020 리얼코튼 원더 신생아 밴드형,보솜이_리얼코튼_신생아_밴드형
322,쿠잉,쿠잉 베러 기저귀 대형 팬티형,쿠잉_베러_대형_팬티형
323,네추럴블라썸,네추럴블라썸 초박형 기저귀 L 팬티형,네추럴블라썸_초박형_L_팬티형
324,페넬로페,페넬로페 2022 씬씬씬 썸머 기저귀 대형 밴드형,페넬로페_씬씬씬_대형_밴드형
325,쿠잉,쿠잉 에어드라이 기저귀 소형 밴드형,쿠잉_에어드라이_소형_밴드형
326,슈퍼대디,슈퍼대디 리얼소프트 기저귀 특대형 팬티형,슈퍼대디_리얼소프트_특대형_팬티형
327,프레미뇽,프레미뇽 에어스윙 팬티 5단계 특대형 팬티형 (남녀선택),프레미뇽_5단계_팬티형
328,슈퍼대디,슈퍼대디 매직슬림 기저귀 빅형 팬티형,슈퍼대디_매직_빅형_팬티형
329,슈퍼대디,슈퍼대디 매직슬림 기저귀 대형 키즈형 팬티형,슈퍼대디_매직_대형_팬티형
330,하기스,하기스 2022 매직컴포트 썸머 기저귀 2단계 밴드형,하기스_매직_2단계_밴드형
331,슈퍼대디,슈퍼대디 2023 미피 매직드라이 기저귀 빅형 팬티형,슈퍼대디_드라이_빅형_팬티형
332,슈퍼대디,슈퍼대디 2023 미피 매직드라이 기저귀 대형 팬티형,슈퍼대디_드라이_대형_팬티형
333,쿠잉,쿠잉 베러업 기저귀 중형 밴드형,쿠잉_베러_중형_밴드형
334,페넬로페,페넬로페 2020 퍼스트클래스 기저귀 중형 밴드형,페넬로페_퍼스트클래스_중형_밴드형
335,보솜이,보솜이 원더바이원더 썸머 기저귀 대형 팬티형,보솜이_원더바이원더_대형_팬티형
336,하기스,하기스 2020 네이처메이드 6단계 팬티형 (남녀선택),하기스_네이처메이드 6단계_팬티형
337,슈베스,슈베스 슈퍼슬림 XXL 팬티형,슈베스_슈퍼슬림_XXL_팬티형
338,보솜이,보솜이 리얼코튼 오가니크 기저귀 대형 밴드형,보솜이_리얼코튼_대형_팬티형
339,코코핏,코코핏 기저귀 점보형 팬티형,코코핏_점보형_팬티형
340,슈퍼대디,슈퍼대디 리얼소프트 기저귀 신생아소형 밴드형,슈퍼대디_리얼소프트_신생아_밴드형
341,슈베스,슈베스 다이나믹 플러스 슬림 기저귀 XXL 팬티형,슈베스_다이나믹_XXL_팬티형
342,모모래빗,모모래빗 2023 에코 컴포트핏 기저귀 L 팬티형,모모래빗_에코 컴포트_L_팬티형
343,보솜이,보솜이 베이비케어 티거 기저귀 점보형 팬티형 (남녀선택),보솜이_베이비케어_점보형_팬티형
344,마미포코,마미포코 골드 통기케어 기저귀 특대형 팬티형 (남녀선택),마미포코_골드_특대형_팬티형
345,하기스,하기스 2021 네이처메이드 기저귀 7단계 팬티형,하기스_네이처메이드 7단계_팬티형
346,슈퍼대디,슈퍼대디 리얼소프트 기저귀 중형 밴드형,슈퍼대디_리얼소프트_중형_밴드형
347,하기스,하기스 2020 네이처메이드 기저귀 2단계 밴드형 (남녀선택),하기스_네이처메이드 2단계_밴드형
348,르소메,르소메 프리미엄 기저귀 특대형 밴드형,르소메_특대형_밴드형
349,NABIZAM,NABIZAM 2023 시그니처 기저귀 특대형 팬티형,NABIZAM_시그니처_XL_팬티형
350,로맘스,로맘스 에어키키 기저귀 대형 팬티형,로맘스_대형_팬티형
351,하기스,하기스 2021 네이처메이드 밤부 기저귀 5단계 밴드형 (남녀선택),하기스_네이처메이드 밤부_5단계_밴드형
352,보솜이,보솜이 2020 리얼코튼 원더 특대형 팬티형 (남녀선택),보솜이_리얼코튼_특대형_팬티형
353,NABIZAM,NABIZAM 2020 매직 소프트 L 팬티형,NABIZAM_매직_L_팬티형
354,OLOLA,OLOLA 돗투돗 기저귀 특대형 밴드형,OLOLA_특대형_밴드형
355,폴맘,폴맘 오버나이트 기저귀 특대형 팬티형,폴맘_특대형_팬티형
356,하기스,하기스 2023 매직컴포트 썸머 기저귀 2단계 밴드형,하기스_매직_2단계_밴드형
357,슈퍼대디,슈퍼대디 리얼소프트 기저귀 빅형 팬티형,슈퍼대디_리얼소프트_빅형_팬티형
358,슈퍼대디,슈퍼대디 매직슬림 기저귀 신생아 소형 밴드형,슈퍼대디_매직_신생아_밴드형
359,하기스,하기스 2020 네이처메이드 기저귀 5단계 팬티형 (남녀선택),하기스_네이처메이드 5단계_팬티형
360,하기스,하기스 2023 매직컴포트 썸머 기저귀 7단계 팬티형,하기스_매직_7단계_팬티형
361,NABIZAM,NABIZAM 2022 울트라씬 듀얼핏 기저귀 주니어형 팬티형,NABIZAM_울트라씬_키즈형_팬티형
362,쿠잉,쿠잉 에어나이트 풀잠 기저귀 키즈 팬티형,쿠잉_에어나이트_키즈형_팬티형
363,NABIZAM,NABIZAM 매직 소프트 기저귀 NB 밴드형,NABIZAM_매직_NB_밴드형
364,하기스,하기스 2021 네이처메이드 밤부 기저귀 4단계 밴드형 (남녀선택),하기스_네이처메이드 밤부_4단계_밴드형
365,보솜이,보솜이 2020 리얼코튼 원더 특대형 밴드형,보솜이_리얼코튼_특대형_밴드형
366,하기스,하기스 2021 매직 컴포트 기저귀 5단계 밴드형,하기스_매직_5단계_밴드형
367,하기스,하기스 2023 맥스드라이 기저귀 2단계 팬티형,하기스_맥스드라이_2단계_팬티형
368,NABIZAM,NABIZAM 2023 시그니처 기저귀 키즈형 팬티형,NABIZAM_시그니처_키즈형_팬티형
369,하기스,하기스 2021 매직 컴포트 기저귀 3단계 팬티형 (남녀선택),하기스_매직_3단계_팬티형
370,하기스,하기스 2021 네이처메이드 기저귀 6단계 팬티형,하기스_네이처메이드 6단계_팬티형
371,마미포코,마미포코 에어핏 공기솔솔 기저귀 대형 밴드형 (남녀선택),마미포코_에어핏_대형_밴드형
372,페넬로페,페넬로페 2020 퍼스트클래스 기저귀 신생아 밴드형,페넬로페_퍼스트클래스_신생아_밴드형
373,페넬로페,페넬로페 2022 씬씬씬 썸머 기저귀 소형 밴드형,페넬로페_씬씬씬_소형_밴드형
374,하기스,하기스 2023 매직컴포트 썸머 기저귀 3단계 팬티형,하기스_매직_3단계_팬티형
375,NABIZAM,NABIZAM 2020 매직 소프트 XL 팬티형,NABIZAM_매직_XL_팬티형
376,보솜이,보솜이 원더바이원더 기저귀 특대형 팬티형 (남녀선택),보솜이_원더바이원더_특대형_팬티형
377,모모래빗,모모래빗 2021 에코씽씽 기저귀 L 밴드형,모모래빗_L_밴드형
378,보솜이,보솜이 2020 리얼코튼 원더 중형 밴드형,보솜이_리얼코튼_중형_밴드형
379,슈퍼대디,슈퍼대디 매직슬림 기저귀 특대형 팬티형,슈퍼대디_매직_특대형_팬티형
380,하기스,하기스 2022 네이처메이드 썸머 기저귀 4단계 팬티형,하기스_네이처메이드 썸머_4단계_팬티형
381,코코핏,코코핏 기저귀 특대형 팬티형,코코핏_특대형_팬티형
382,슈퍼대디,슈퍼대디 뉴 울트라씬 기저귀 특대형 팬티형,슈퍼대디_울트라씬_특대형_팬티형
383,슈퍼대디,슈퍼대디 리얼소프트 기저귀 대형 팬티형,슈퍼대디_리얼소프트_대형_팬티형
384,모모래빗,모모래빗 2023 에코씽씽 기저귀 L 팬티형 (남녀선택),모모래빗_L_팬티형
385,모모래빗,모모래빗 2021 에코씽씽 기저귀 XL 밴드형,모모래빗_XL_밴드형
386,슈퍼대디,슈퍼대디 뉴 울트라씬 기저귀 대형 팬티형,슈퍼대디_울트라씬_대형_팬티형
387,페넬로페,페넬로페 2020 퍼스트클래스 기저귀 대형 밴드형,페넬로페_퍼스트클래스_대형_밴드형
388,POLARIS,POLARIS 팡팡 울트라씬 기저귀 XL 팬티형,POLARIS_XL_팬티형
389,하기스,하기스 2021 네이처메이드 기저귀 5단계 밴드형,하기스_네이처메이드 5단계_밴드형
390,베베몬,베베몬 올데이 기저귀 대형 팬티형,베베몬_대형_팬티형
391,하기스,하기스 2020 맥스드라이 기저귀 2단계 밴드형,하기스_맥스드라이_2단계_밴드형
392,하기스,하기스 2022 매직컴포트 팬티 썸머 기저귀 3단계,하기스_매직_3단계_팬티형
393,베베몬,베베몬 2018 시즌2 중형 팬티형,베베몬_중형_팬티형
394,한예지,한예지 플레이 프리미엄 원피스 기저귀 대형 팬티형,한예지_대형_팬티형
395,하기스,하기스 2021 맥스드라이 기저귀 6단계 밴드형,하기스_맥스드라이_6단계_밴드형
396,슈퍼대디,슈퍼대디 울트라씬 기저귀 대형 팬티형,슈퍼대디_울트라씬_대형_팬티형
397,슈베스,슈베스 노블레스 기저귀 특대형 밴드형,슈베스_노블레스_특대형_밴드형
398,슈퍼대디,슈퍼대디 뉴 울트라씬 기저귀 키즈 팬티형,슈퍼대디_울트라씬_키즈형_팬티형
399,쿠잉,쿠잉 베러업 기저귀 키즈 팬티형,쿠잉_베러_키즈형_팬티형
400,슈퍼대디,슈퍼대디 매직슬림 기저귀 중형 밴드형,슈퍼대디_매직_중형_밴드형
401,NABIZAM,NABIZAM 2021 울트라씬 듀얼핏 대형 밴드형,NABIZAM_울트라씬_L_밴드형
402,르소메,르소메 프리미엄 기저귀 중형 밴드형,르소메_중형_밴드형
403,하기스,하기스 2020 맥스드라이 팬티 5단계 팬티형 (남녀선택),하기스_맥스드라이_5단계_팬티형
404,COMET,COMET 베이비 코지핏 기저귀 특대형 팬티형,COMET_특대형 팬티형
405,하기스,하기스 2020 매직 컴포트 기저귀 1단계 밴드형,하기스_매직_1단계_밴드형
406,하기스,하기스 2020 네이처메이드 기저귀 4단계 밴드형 (남녀선택),하기스_네이처메이드 4단계_밴드형
407,쿠잉,쿠잉 에어나이트 풀잠 기저귀 특대 팬티형,쿠잉_에어나이트_특대형_팬티형
408,그린핑거,그린핑거 판테딘 더마 기저귀 3단계 밴드형,그린핑거_3단계_밴드형
409,슈퍼대디,슈퍼대디 2023 매직 드라이 썸머 기저귀 특대형 팬티형,슈퍼대디_드라이_특대형_팬티형
410,베피스,베피스 젠틀온 기저귀 5단계 팬티형,베피스_젠틀온_5단계_팬티형
411,베피스,베피스 드라이핏 기저귀 특대형 팬티형,베피스_드라이_특대형_팬티형
412,마미포코,마미포코 360핏 기저귀 특대형 팬티형 (남녀선택),마미포코_360핏_특대형_팬티형
413,하기스,하기스 네이처메이드 오가닉 코튼 커버 2단계 밴드형 (남녀선택),하기스_네이처메이드 2단계_밴드형
414,NABIZAM,NABIZAM 매직 소프트 기저귀 S 밴드형,NABIZAM_매직_소형_밴드형
415,페넬로페,페넬로페 미라클 올데이 기저귀 특대형 밴드형,페넬로페_미라클_특대형_밴드형
416,베피스,베피스 젠틀온 기저귀 6단계 팬티형,베피스_젠틀온_6단계_팬티형
417,POLARIS,POLARIS 팡팡 울트라씬 기저귀 XXL 팬티형,POLARIS_XXL_팬티형
418,하기스,하기스 2020 매직팬티 컴포트 기저귀 6단계 팬티형 (남녀선택),하기스_매직_6단계_팬티형
419,하기스,하기스 2022 매직컴포트 썸머 기저귀 3단계 밴드형,하기스_매직_3단계_밴드형
420,베피스,베피스 에어슬림핏 기저귀 특대형 팬티형,베피스_에어슬림_특대형_팬티형
421,하기스,하기스 2021 네이처메이드 밤부 기저귀 6단계 팬티형 (남녀선택),하기스_네이처메이드 밤부_6단계_팬티형
422,베피스,베피스 모션핏 특대형 팬티형,베피스_모션_특대형_팬티형
423,쿠잉,쿠잉 윙윙 풀커버 기저귀 XL 팬티형,쿠잉_윙윙_XL_팬티형
424,마미포코,마미포코 리프가닉 기저귀 소형 밴드형,마미포코_리프가닉_소형_밴드형
425,하기스,하기스 2020 맥스드라이 기저귀 4단계 팬티형 (남녀선택),하기스_맥스드라이_4단계_팬티형
426,노브랜드,노브랜드 로즈마리 기저귀 특대형 팬티형,노브랜드_로즈마리_특대형_팬티형
427,보솜이,보솜이 베이비케어 티거 기저귀 대형 팬티형 (남녀선택),보솜이_베이비케어_대형_팬티형
428,네이쳐러브메레,네이쳐러브메레 슈퍼 슬림 기저귀 점보형 팬티형,네이쳐러브메레_슈퍼_점보형_팬티형
429,하기스,하기스 2021 맥스드라이 기저귀 2단계 팬티형,하기스_맥스드라이_2단계_팬티형
430,쿠잉,쿠잉 에어드라이 기저귀 대형 밴드형,쿠잉_에어드라이_대형_밴드형
431,르소메,르소메 프리미엄 기저귀 소형 밴드형,르소메_소형_밴드형
432,하기스,하기스 2020 맥스드라이 팬티 6단계 팬티형 (남녀선택),하기스_맥스드라이_6단계_팬티형
433,모모래빗,모모래빗 2022 에코씽씽 오리지널 기저귀 XXL 팬티형 (남녀선택),모모래빗_XXL_팬티형
434,하기스,하기스 2020 매직팬티 컴포트 기저귀 4단계 팬티형 (남녀선택),하기스_매직_4단계_팬티형
435,슈베스,슈베스 슈퍼슬림 XL 팬티형,슈베스_슈퍼슬림_XL_팬티형
436,슈베스,슈베스 다이나믹 슬림 기저귀 XL 팬티형,슈베스_다이나믹_XL_팬티형
437,하기스,하기스 2020 보송보송 기저귀 4단계 팬티형,하기스_보송보송_4단계_팬티형
438,슈퍼대디,슈퍼대디 리얼소프트 기저귀 대형 밴드형,슈퍼대디_리얼소프트_대형_밴드형
439,보솜이,보솜이 2020 리얼코튼 원더 대형 밴드형,보솜이_리얼코튼_대형_밴드형
440,보솜이,보솜이 2020 리얼코튼 원더 대형 팬티형 (남녀선택),보솜이_리얼코튼_대형_팬티형
441,그린핑거,그린핑거 판테딘 더마 기저귀 2단계 밴드형,그린핑거_2단계_밴드형
442,하기스,하기스 2020 맥스드라이 기저귀 7단계 팬티형 (남녀선택),하기스_맥스드라이_7단계_팬티형
443,네이쳐러브메레,네이쳐러브메레 2019 롱 나이트 기저귀 특대형 팬티형,네이쳐러브메레_롱_특대형_팬티형
444,메이바이,메이바이 꼬똥드네이쳐 풀커버 기저귀 특대형 팬티형,메이바이_특대형_팬티형
445,폴맘,폴맘 오버나이트 기저귀 대형 팬티형,폴맘_대형_팬티형
446,NABIZAM,NABIZAM 코지 기저귀 점보형 팬티형,NABIZAM_코지_점보형_팬티형
447,슈퍼대디,슈퍼대디 매직슬림 기저귀 대형 밴드형,슈퍼대디_매직_대형_밴드형
448,보솜이,보솜이 오가니크 팬티 썸머 기저귀 대형 (남녀선택),보솜이_리얼코튼_대형_팬티형
449,모모래빗,모모래빗 2023 에코 컴포트핏 기저귀 XXL 팬티형,모모래빗_에코 컴포트_XXL_팬티형
450,네이쳐러브메레,네이쳐러브메레 롱 나이트 기저귀 점보형 팬티형,네이쳐러브메레_롱_점보형_팬티형
451,슈퍼대디,슈퍼대디 리얼씬 기저귀 특대형 팬티형,슈퍼대디_울트라씬_특대형_팬티형
452,보솜이,보솜이 2021 액션핏 기저귀 대형 팬티형 (남녀선택),보솜이_액션_대형_팬티형
453,그린핑거,그린핑거 판테딘 더마 기저귀 4단계 밴드형,그린핑거_4단계_밴드형
454,대디베이비,대디베이비 골드 기저귀 대형 팬티형 (남녀선택),대디베이비_골드_대형_팬티형
455,엘프레리,엘프레리 에어윙 기저귀 S 밴드형,엘프레리_에어윙_S_밴드형
456,하기스,하기스 2020 보송보송 기저귀 4단계 밴드형,하기스_보송보송_4단계_밴드형
457,하기스,하기스 2022 매직컴포트 썸머 기저귀 4단계 밴드형,하기스_매직_4단계_밴드형
458,베베몬,베베몬 에코네이버 기저귀 점보형 팬티형,베베몬_에코네이버_점보형_팬티형
459,슈퍼대디,슈퍼대디 2021 울트라씬 썸머 기저귀 대형 팬티형,슈퍼대디_울트라씬_대형_팬티형
460,NABIZAM,NABIZAM 코지 기저귀 대형 팬티형,NABIZAM_코지_대형_팬티형
461,쿠잉,쿠잉 베러업 기저귀 대형 밴드형,쿠잉_베러_대형_밴드형
462,슈베스,슈베스 노블레스 기저귀 M 밴드형,슈베스_노블레스_M_밴드형
463,바바랩,바바랩 2017 울트라씬 기저귀 L 팬티형,바바랩_L_팬티형
464,베피스,베피스 젠틀온 기저귀 4단계 팬티형,베피스_젠틀온_단계_팬티형
465,엘프레리,엘프레리 에어씬 기저귀 L 밴드형,엘프레리_에어씬_L_밴드형
466,하기스,하기스 2021 네이처메이드 기저귀 6단계 밴드형,하기스_네이처메이드 6단계_밴드형
467,슈퍼대디,슈퍼대디 2023 매직 드라이 썸머 기저귀 대형 팬티형,슈퍼대디_드라이_대형_팬티형
468,하기스,하기스 2022 네이처메이드 썸머 기저귀 5단계 밴드형,하기스_네이처메이드 썸머_5단계_밴드형
470,네이쳐러브메레,네이쳐러브메레 2020 매직 소프트 핏 기저귀 특대형 팬티형,네이쳐러브메레_매직_소프트_특대형_팬티형
471,그린핑거,그린핑거 판테딘 더마 기저귀 판다에디션 5단계 팬티형,그린핑거_5단계_팬티형
472,그린핑거,그린핑거 판테딘 더마 기저귀 6단계 팬티형,그린핑거_6단계_팬티형
473,프레미뇽,프레미뇽 에어스윙 쿨쿨 기저귀 대형 팬티형,프레미뇽_4단계_팬티형
474,베피스,베피스 드라이핏 기저귀 대형 팬티형,베피스_드라이_대형_팬티형
475,NABIZAM,NABIZAM 2023 시그니처 기저귀 점보형 팬티형,NABIZAM_시그니처_점보형_팬티형
476,네이쳐러브메레,네이쳐러브메레 2020 매직 슬림 핏 기저귀 신생아 앤 소형 밴드형,네이쳐러브메레_매직_슬림_소형_밴드형
477,네이쳐러브메레,네이쳐러브메레 슈퍼 슬림 기저귀 신생아 & 소형 밴드형,네이쳐러브메레_슈퍼_소형_밴드형
478,쿠잉,쿠잉 베러업 기저귀 소형 밴드형,쿠잉_베러_소형_밴드형
479,마미포코,마미포코 리프가닉 기저귀 중형 밴드형,마미포코_리프가닉_중형_밴드형
480,네이쳐러브메레,네이쳐러브메레 슈퍼 슬림 기저귀 대형 팬티형,네이쳐러브메레_슈퍼_대형_팬티형
481,하기스,하기스 2023 네이처메이드 팬티 썸머 7단계,하기스_네이처메이드 썸머_7단계_팬티형
482,NABIZAM,NABIZAM 매직 소프트 기저귀 점보형 밴드형,NABIZAM_매직_점보형_밴드형
483,하기스,하기스 2022 네이처메이드 썸머 기저귀 2단계 팬티형,하기스_네이처메이드 썸머_2단계_팬티형
484,마미포코,마미포코 에어핏 기저귀 중형 팬티형,마미포코_에어핏_중형_팬티형
485,마미포코,마미포코 리프가닉 기저귀 대형 팬티형 (남녀선택),마미포코_리프가닉_대형_팬티형
486,앙블랑,앙블랑 킵프렌즈 기저귀 5단계 밴드형,앙블랑_5단계_밴드형
487,네이쳐러브메레,네이쳐러브메레 슈퍼 슬림 기저귀 중형 밴드형,네이쳐러브메레_슈퍼_중형_밴드형
488,슈퍼대디,슈퍼대디 2023 매직 드라이 썸머 기저귀 빅형 팬티형,슈퍼대디_드라이_빅형_팬티형
489,모모래빗,모모래빗 에코씽씽 슬림핏 기저귀 L 팬티형 (남녀선택),모모래빗_L_팬티형
490,앙블랑,앙블랑 킵프렌즈 기저귀 3단계 밴드형,앙블랑_3단계_밴드형
491,네이쳐러브메레,네이쳐러브메레 슈퍼 슬림 기저귀 특대형 팬티형,네이쳐러브메레_슈퍼_특대형_팬티형
492,프레미뇽,프레미뇽 에어스윙 3단계 밴드형,프레미뇽_3단계_밴드형
493,숲바른,숲바른 기저귀 점보형 팬티형,숲바른_점보형_팬티형
494,페넬로페,페넬로페 2020 퍼스트클래스 기저귀 특대형 밴드형,페넬로페_퍼스트클래스_특대형_밴드형
495,베피스,베피스 에어슬림핏 기저귀 대형 팬티형,베피스_에어슬림_대형_팬티형
496,대디베이비,대디베이비 2015 익스트림 슬림 대형 팬티형,대디베이비_슬림_대형_팬티형
497,하기스,하기스 2021 매직 컴포트 기저귀 7단계 팬티형,하기스_매직_7단계_팬티형
498,하기스,하기스 2020 네이처메이드 기저귀 3단계 팬티형 (남녀선택),하기스_네이처메이드 3단계_팬티형
499,노브랜드,노브랜드 로즈마리 기저귀 대형 팬티형,노브랜드_로즈마리_대형_팬티형
500,슈퍼대디,슈퍼대디 매직슬림 기저귀 특대형 밴드형,슈퍼대디_매직_특대형_밴드형
501,프레미뇽,프레미뇽 에어스윙 2단계 밴드형,프레미뇽_2단계_밴드형
502,슈퍼대디,슈퍼대디 뉴 울트라씬 기저귀 빅형 팬티형,슈퍼대디_울트라신_빅형_팬티형
503,하기스,하기스 2022 네이처메이드 오가닉 코튼커버 기저귀 2단계 팬티형,하기스_네이처메이드 오가닉_2단계_팬티형
504,하기스,하기스 2020 보송보송 기저귀 5단계 밴드형,하기스_보송보송_5단계_밴드형
505,NABIZAM,NABIZAM 매직 소프트 기저귀 XL 밴드형,NABIZAM_매직_XL_밴드형
506,대디베이비,대디베이비 골드 기저귀 특대형 팬티형 (남녀선택),대디베이비_골드_특대형_팬티형
507,슈퍼대디,슈퍼대디 울트라씬 기저귀 빅형 팬티형,슈퍼대디_울트라씬_빅형_팬티형
508,베피스,베피스 에어슬림핏 기저귀 점보형 팬티형,베피스_에어슬림_점보형_팬티형
509,하기스,하기스 네이처메이드 오가닉 코튼 커버 1단계 밴드형,하기스_네이처메이드 오가닉_1단계_밴드형
510,그린핑거,그린핑거 판테딘 더마 기저귀 판다에디션 2단계 밴드형,그린핑거_2단계_밴드형
511,쿠잉,쿠잉 베러 기저귀 소형 밴드형,쿠잉_베러_소형_밴드형
512,해피레이,해피레이 신생아 일자형,해피레이_신생아_일자형
513,프레미뇽,프레미뇽 에어스윙 1단계 밴드형,프레미뇽_1단계_밴드형
514,하기스,하기스 크린베베 순면감촉 4단계 일자형,하기스_크린베베_대형_일자형
515,슈베스,슈베스 다이나믹 슬림 기저귀 L 팬티형,슈베스_다이나믹_L_팬티형
516,하기스,하기스 크린베베 순면감촉 3단계 일자형,하기스_크린베베_중형_일자형
517,앙블랑,앙블랑 킵프렌즈 기저귀 4단계 밴드형,앙블랑_4단계_밴드형
518,네추럴블라썸,네추럴블라썸 초박형 M 밴드형,네추럴블라썸_초박형_M_밴드형
519,하기스,하기스 2020 네이처메이드 기저귀 5단계 밴드형 (남녀선택),하기스_네이처메이드 5단계_밴드형
520,엘프레리,엘프레리 에어필 팬티 기저귀 M,엘프레리_에어필_M_팬티형
521,하기스,하기스 2020 네이처메이드 기저귀 2단계 팬티형 (남녀선택),하기스_네이처메이드 2단계_팬티형
522,하기스,하기스 2022 매직컴포트 썸머 기저귀 5단계 밴드형,하기스_매직_5단계_밴드형
523,마미포코,마미포코 2022 호랑이 에디션 에어핏 공기솔솔 기저귀 중형 밴드형,마미포코_에어핏_중형_밴드형
524,네이쳐러브메레,네이쳐러브메레 2020 매직 소프트 핏 기저귀 점보형 팬티형,네이쳐러브메레_매직_소프트_점보형_팬티형
525,베피스,베피스 모션핏 대형 팬티형,베피스_모션_대형_팬티형
526,NABIZAM,NABIZAM 매직 소프트 기저귀 L 밴드형,NABIZAM_매직_L_밴드형
527,하기스,하기스 2021 매직 컴포트 기저귀 2단계 팬티형,하기스_매직_2단계_팬티형
528,앙블랑,앙블랑 킵프렌즈 기저귀 2단계 밴드형,앙블랑_2단계_밴드형
529,슈퍼대디,슈퍼대디 뉴 울트라씬 썸머 기저귀 대형 팬티형,슈퍼대디_울트라씬_대형_팬티형
530,하기스,하기스 2021 네이처메이드 기저귀 2단계 팬티형,하기스_네이처메이드 2단계_팬티형
531,하기스,하기스 2021 매직팬티 컴포트 썸머 기저귀 4단계 팬티형,하기스_매직_2단계_팬티형
532,하기스,하기스 2021 매직컴포트 썸머 기저귀 6단계 팬티형,하기스_매직_6단계_팬티형
533,슈퍼대디,슈퍼대디 리얼소프트 기저귀 특대형 밴드형,슈퍼대디_리얼소프트_특대형_밴드형
534,하기스,하기스 2022 매직컴포트 팬티 썸머 기저귀 2단계,하기스_매직_2단계_팬티형
535,NABIZAM,NABIZAM 매직 소프트 기저귀 중형 밴드형,NABIZAM_매직_중형_밴드형
536,슈퍼대디,슈퍼대디 미스터펭 매직슬림 기저귀 대형 밴드형,슈퍼대디_매직_대형_밴드형
537,슈베스,슈베스 노블레스 기저귀 대형 밴드형,슈베스_노블레스_L_밴드형
538,NABIZAM,NABIZAM 2020 슈퍼드라이 특대형 팬티형,NABIZAM_슈퍼드라이_특대형_팬티형
539,마미포코,마미포코 리프가닉 기저귀 특대형 팬티형 (남녀선택),마미포코_리프가닉_팬티형
540,바바랩,바바랩 2017 울트라씬 기저귀 XXL 팬티형,바바랩_XXL_팬티형
541,하기스,하기스 2020 맥스드라이 기저귀 5단계 밴드형,하기스_맥스드라이_5단계_밴드형
542,슈베스,슈베스 슬리머 기저귀 M 밴드형,슈베스_M_밴드형
543,밤보네이처,밤보네이처 그린 기저귀 6단계 팬티형,밤보네이처_6단계_팬티형
544,슈베스,슈베스 슈퍼슬림 L 팬티형,슈베스_슈퍼슬림_대형_팬티형
545,모모래빗,모모래빗 2023 에코씽씽 기저귀 XXL 팬티형 (남녀선택),모모래빗_XXL_팬티형
546,숲바른,숲바른 기저귀 소형 밴드형,숲바른_소형_밴드형
547,베베몬,베베몬 에코네이버 기저귀 대형 밴드형,베베몬_에코네이버_대형_밴드형
548,슈베스,슈베스 슬리머 기저귀 대형 밴드형,슈베스_대형_밴드형
549,페넬로페,페넬로페 씬씬씬 플러스 소형 밴드형,페넬로페_씬씬씬_특대형_밴드형
550,베베몬,베베몬 에코네이버 기저귀 소형 밴드,베베몬_에코네이버_소형_밴드
551,슈베스,슈베스 노블레스 기저귀 소형 밴드형,슈베스_노블레스_특대형_밴드형
552,마미포코,마미포코 2022 호랑이 에디션 에어핏 공기솔솔 기저귀 특대형 팬티형 (남녀선택),마미포코_에어핏_특대형_팬티형
553,하기스,하기스 네이처메이드 오가닉 코튼 커버 4단계 밴드형 (남녀선택),하기스_네이처메이드 오가닉_4단계_밴드형
554,하기스,하기스 2019 네이처메이드 4단계 팬티형 (남녀선택),하기스_네이처메이드 4단계_팬티형
555,보솜이,보솜이 오가니크 팬티 썸머 기저귀 특대형 (남녀선택),보솜이_리얼코튼_특대형_팬티형
556,엘프레리,엘프레리 에어필 팬티 기저귀 XXL,엘프레리_에어필_XXL_팬티형
557,마미포코,마미포코 에어핏 기저귀 중형 밴드형,마미포코_에어핏_중형_밴드형
558,스너글스,스너글스 스너그핏 기저귀 점보형 팬티형,스너글스_점보형_팬티형
559,폴맘,폴맘 오버나이트 어린이용 안심기저귀 중형 밴드형,폴맘_중형_밴드형
560,베피스,베피스 엑스트라 소프트 대형 팬티형 (남녀선택),베피스_엑스트라_대형_팬티형
561,쿠잉,쿠잉 플라이 투 네이쳐 점보형 팬티형,쿠잉_플라이_점보형_팬티형
562,슈베스,슈베스 슬리머 기저귀 특대형 밴드형,슈베스_슬리머_특대형_밴드형
563,COMET,COMET 베이비 코지핏 기저귀 점보형 팬티형,COMET_점보형 팬티형
564,하기스,하기스 네이처메이드 기저귀 6단계 팬티형,하기스_네이처메이드 6단계_팬티형
565,바바랩,바바랩 울트라씬 프리미엄 기저귀 S 밴드형,바바랩_프리미엄_S_밴드형
566,메이바이,메이바이 꼬똥드네이쳐 풀커버 기저귀 대형 팬티형,메이바이_대형_팬티형
567,네이쳐러브메레,네이쳐러브메레 2020 매직 슬림 핏 기저귀 점보형 팬티형,네이쳐러브메레_매직_슬림_점보형_팬티형
568,페넬로페,페넬로페 2022 씬씬씬 썸머 기저귀 특대형 팬티형,페넬로페_씬씬씬_특대형_팬티형
569,모모래빗,모모래빗 에코씽씽 슬림핏 기저귀 XL 팬티형 (남녀선택),모모래빗_XL_팬티형
570,슈퍼대디,슈퍼대디 리얼씬 기저귀 대형 팬티형,슈퍼대디_울트라씬_대형_팬티형
571,마미포코,마미포코 에어핏 기저귀 대형 밴드형,마미포코_에어핏_대형_밴드형
572,네이쳐러브메레,네이쳐러브메레 2020 매직 슬림 핏 기저귀 대형 밴드형,네이쳐러브메레_매직_슬림_대형_밴드형
573,하기스,하기스 2020 네이처메이드 기저귀 5단계 팬티형,하기스_네이처메이드 5단계_팬티형
574,숲바른,숲바른 기저귀 특대형 팬티형,숲바른_특대형_팬티형
575,코코핏,코코핏 기저귀 대형 팬티형,코코핏_대형_팬티형
576,하기스,하기스 2020 보송보송 기저귀 2단계 밴드형,하기스_보송보송_2단계_밴드형
577,하기스,하기스 2019 네이처메이드 기저귀 4단계 밴드형 (남녀선택),하기스_네이처메이드 4단계_밴드형
578,마미포코,마미포코 골드 통기케어 기저귀 중형 팬티형,마미포코_골드_중형_팬티형
579,다솜,다솜 1단계 일자형,다솜_1단계_일자형
580,코코핏,코코핏 아이스크림 기저귀 특대형 팬티형,코코핏_아이스크림_특대형_팬티형
581,베베몬,베베몬 에코네이버 기저귀 중형 밴드형,베베몬_에코네이버_중형_밴드형
582,노브랜드,노브랜드 더 슬림한 아기기저귀 점보형 팬티형,노브랜드_점보형_팬티형
583,네이쳐러브메레,네이쳐러브메레 롱 나이트 기저귀 특대형 팬티형,네이쳐러브메레_롱_특대형_팬티형
584,하기스,하기스 2020 네이처메이드 기저귀 4단계 팬티형,하기스_네이처메이드 4단계_팬티형
585,모모래빗,모모래빗 에코씽씽 슬림핏 기저귀 XXL 팬티형 (남녀선택),모모래빗_XXL_팬티형
586,하기스,하기스 2020 맥스드라이 기저귀 3단계 팬티형 (남녀선택),하기스_맥스드라이_3단계_팬티형
587,하기스,하기스 크린베베 순면감촉 2단계 일자형,하기스_크린베베_소형_일자형
588,대디베이비,대디베이비 2015 익스트림 슬림 특대형 팬티형,대디베이비_슬림_특대형_팬티형
589,숲바른,숲바른 기저귀 중형 밴드형,숲바른_중형_밴드형
590,베베몬,베베몬 에코네이버 기저귀 대형 팬티형,베베몬_에코네이버_대형_팬티형
591,슈퍼대디,슈퍼대디 리얼씬 기저귀 빅형 팬티형,슈퍼대디_울트라씬_빅형_팬티형
592,슈베스,슈베스 슬리머 기저귀 S 밴드형,슈베스_슬리머_S_밴드형
593,하기스,하기스 2020 네이처메이드 기저귀 6단계 팬티형,하기스_네이처메이드 6단계_팬티형
594,하기스,하기스 2023 네이처메이드 팬티 썸머 2단계,하기스_네이처메이드 썸머_2단계_핸티형
595,숲바른,숲바른 기저귀 대형 팬티형,숲바른_대형_팬티형
596,모모래빗,모모래빗 2022 에코씽씽 오리지널 기저귀 L 팬티형 (남녀선택),모모래빗_L_팬티형
597,엘프레리,엘프레리 2021 에어씬 기저귀 대형 팬티형,엘프레리_에어씬_대형_팬티형
598,페넬로페,페넬로페 2023 씬씬씬 아이스 썸머 기저귀 대형 팬티형,페넬로페_씬씬씬_대형_팬티형
599,네이쳐러브메레,네이쳐러브메레 2019 슈퍼 슬림 기저귀 특대형 팬티형,네이쳐러브메레_슈퍼_특대형_팬티형
600,쿠잉,쿠잉 베러 기저귀 특대형 밴드형,쿠잉_베러_특대형_밴드형
601,네이쳐러브메레,네이쳐러브메레 2020 매직 슬림 핏 기저귀 특대형 밴드형,네이쳐러브메레_매직_슬림_특대형_밴드형
602,엘프레리,엘프레리 에어씬 기저귀 S 밴드형,엘프레리_에어씬_S_밴드형
603,베피스,베피스 엑스트라 소프트 점보형 팬티형 (남녀선택),베피스_엑스트라_점보형_팬티형
604,하기스,하기스 네이처메이드 밤부 3단계 밴드형 (남녀선택),하기스_네이처메이드 밤부_3단계_밴드형
605,하기스,하기스 네이처메이드 오가닉 코튼 커버 3단계 밴드형 (남녀선택),하기스_네이처메이드 오가닉_3단계_밴드형
606,POLARIS,POLARIS 팡팡 울트라씬 기저귀 L 팬티형,POLARIS_L_팬티형
607,쿠망,쿠망 슈퍼 울트라 씬 기저귀 L 밴드형,쿠망_L_밴드형
608,코코핏,코코핏 기저귀 중형 팬티형,코코핏_중형_팬티형
609,암웨이,암웨이 2018 웰로스 베베 수트 기저귀 L 팬티형,암웨이_L_팬티형
610,NABIZAM,NABIZAM 매직 소프트 기저귀 M 밴드형,NABIZAM_매직_중형_밴드형
611,프레미뇽,프레미뇽 에어스윙 4단계 밴드형,프레미뇽_4단계_밴드형
612,네이쳐러브메레,네이쳐러브메레 2020 매직 슬림 핏 기저귀 특대형 팬티형,네이쳐러브메레_매직_슬림_특대형_팬티형
613,모모래빗,모모래빗 2022 에코씽씽 오리지널 기저귀 XL 팬티형 (남녀선택),모모래빗_XL_팬티형
614,네추럴블라썸,네추럴블라썸 초박형 L 밴드형,네추럴블라썸_초박형_L_밴드형
615,대디베이비,대디베이비 골드 기저귀 S 밴드형,대디베이비_골드_S_밴드형
616,하기스,하기스 2020 네이처메이드 썸머 기저귀 2단계 팬티형,하기스_네이처메이드 썸머_2단계_팬티형
617,네이쳐러브메레,네이쳐러브메레 슈퍼 슬림 기저귀 특대형 밴드형,네이쳐러브메레_슈퍼_특대형_밴드형
618,페넬로페,페넬로페 씬씬씬 플러스 중형 밴드형,페넬로페_씬씬씬_특대형_밴드형
619,슈퍼대디,슈퍼대디 울트라씬 기저귀 대형 밴드형,슈퍼대디_울트라씬_대형_밴드형
620,암웨이,암웨이 2018 웰로스 베베 수트 기저귀 XL 팬티형,암웨이_XL_팬티형
621,하기스,하기스 프리미어 2단계 밴드형 (남녀선택),하기스_프리미어_2단계_밴드형
622,쿠망,쿠망 슈퍼 울트라 씬 네이쳐 기저귀 L 밴드형,쿠망_L_밴드형
623,네추럴블라썸,네추럴블라썸 초박형 기저귀 XL 밴드형,네추럴블라썸_초박형_XL_밴드형
624,보솜이,보솜이 베이비케어 티거 기저귀 특대형 팬티형 (남녀선택),보솜이_베이비케어_특대형_팬티형
625,엘프레리,엘프레리 에어윙 기저귀 L 밴드형,엘프레리_에어윙_L_밴드형
626,숲바른,숲바른 기저귀 대형 밴드형,숲바른_대형_밴드형
627,네이쳐러브메레,네이쳐러브메레 슈퍼 슬림 기저귀 대형 밴드형,네이쳐러브메레_슈퍼_대형_밴드형
628,마미포코,마미포코 2017 360핏 슬림핏 4단계 팬티형 (남녀선택),마미포코_360핏_대형_팬티형
629,메이바이,메이바이 꼬똥드네이쳐 풀커버 기저귀 점보형 팬티형,메이바이_점보형_팬티형
630,노브랜드,노브랜드 로즈마리 기저귀 점보형 팬티형,노브랜드_로즈마리_점보형_팬티형
631,하기스,하기스 2021 네이처메이드 썸머 기저귀 2단계 팬티형,하기스_네이처메이드 썸머_2단계_팬티형
632,엘프레리,엘프레리 2021 에어씬 기저귀 점보형 팬티형,엘프레리_에어씬_점보형_팬티형
633,네이쳐러브메레,네이쳐러브메레 2020 매직 슬림 핏 기저귀 대형 팬티형,네이쳐러브메레_매직_슬림_대형_팬티형
634,하기스,하기스 2020 보송보송 팬티 7단계,하기스_보송보송_7단계_팬티형
635,하기스,하기스 2021 매직컴포트 썸머 기저귀 2단계 밴드형,하기스_매직_2단계_밴드형
636,NABIZAM,NABIZAM 2020 슈퍼드라이 대형 팬티형,NABIZAM_슈퍼드라이_대형_팬티형
637,네이쳐러브메레,네이쳐러브메레 2020 매직 슬림 핏 기저귀 중형 밴드형,네이쳐러브메레_매직_슬림_중형_밴드형
638,네이쳐러브메레,네이쳐러브메레 2020 매직 소프트 핏 기저귀 대형 팬티형,네이쳐러브메레_매직_소프트_대형_팬티형
639,하기스,하기스 2019 네이처메이드 기저귀 5단계 밴드형 (남녀선택),하기스_네이처메이드 5단계_밴드형
640,하기스,하기스 2019 네이처메이드 기저귀 1단계 밴드형,하기스_네이처메이드 1단계_밴드형
641,NABIZAM,NABIZAM 코지 기저귀 대형 밴드형,NABIZAM_코지_대형_밴드형
642,NABIZAM,NABIZAM 코지 기저귀 소형 밴드형,NABIZAM_코지_소형_밴드형
643,쿠망,쿠망 슈퍼 울트라 씬 L 팬티형,쿠망_L_팬티형
644,하기스,하기스 2016 매직기저귀 1단계,하기스_매직_1단계_밴드형
645,하기스,하기스 2019 네이처메이드 팬티 6단계 팬티형 (남녀선택),하기스_네이처메이드 6단계_팬티형
646,베베몬,베베몬 에코네이버 기저귀 특대형 팬티형,베베몬_에코네이버_특대형_팬티형
647,하기스,하기스 2014 네이처메이드 3단계 밴드형 (남녀선택),하기스_네이처메이드 3단계_밴드형
648,바바랩,바바랩 울트라씬 프리미엄 기저귀 대형 팬티형,바바랩_프리미엄_대형_팬티형
649,보솜이,보솜이 2021 라이트핏 썸머 기저귀 특대형 팬티형 (남녀선택),보솜이_라이트_특대형_팬티형
650,베피스,베피스 젠틀온 기저귀 4단계 팬티형 (남녀선택),베피스_젠틀온_4단계_팬티형
651,베피스,베피스 엑스트라 소프트 특대형 팬티형 (남녀선택),베피스_엑스트라_특대형_팬티형
652,하기스,하기스 2017 매직썸머 기저귀 3단계 밴드형,하기스_매직_3단계_밴드형
653,베베몬,베베몬 시즌2 대형 팬티형,베베몬_대형_팬티형
654,하기스,하기스 2019 네이처메이드 팬티 3단계 팬티형 (남녀선택),하기스_네이처메이드 3단계_팬티형
655,NABIZAM,NABIZAM 코지 기저귀 특대형 팬티형,NABIZAM_코지_특대형_팬티형
656,로맘스,로맘스 에어키키 기저귀 특대형 밴드형,로맘스_특대형_밴드형
657,로맘스,로맘스 에어키키 기저귀 대형 밴드형,로맘스_대형_밴드형
658,모모래빗,모모래빗 2021 에코네이처 기저귀 S 밴드형,모모래빗_에코네이처_S_밴드형
659,페넬로페,페넬로페 씬씬씬 플러스 기저귀 특대형 밴드형,페넬로페_씬씬씬_특대형_밴드형
660,베피스,베피스 젠틀온 기저귀 6단계 팬티형 (남녀선택),베피스_젠틀온_6단계_팬티형
661,바바랩,바바랩 프리미엄 밴드 기저귀 L,바바랩_프리미엄_대형_밴드형
662,베베몬,베베몬 2018 시즌2 특대형 팬티형,베베몬_특대형_팬티형
663,쿠망,쿠망 슈퍼 울트라 씬 기저귀 XL 밴드형,쿠망_XL_밴드형
664,메리즈,메리즈 기저귀 L 팬티형,메리즈_L_팬티형
665,코트니,코트니 기저귀 대형 밴드형,코트니_대형_밴드형
666,보솜이,보솜이 리얼코튼 안심흡수 5단계 팬티형 (남녀선택),보솜이_리얼코튼_특대형_팬티형
667,하기스,하기스 2014 네이처메이드 5단계 팬티형 (남녀선택),하기스_네이처메이드 5단계_팬티형
668,페넬로페,페넬로페 씬씬씬 플러스 기저귀 대형 밴드형,페넬로페_씬씬씬_대형_밴드형
669,바바랩,바바랩 프리미엄 밴드 기저귀 M,바바랩_프리미엄_중형_밴드형
670,하기스,하기스 네이처메이드 기저귀 5단계 팬티형 (남녀선택),하기스_네이처메이드 5단계_팬티형
671,하기스,하기스 2013 네이처메이드 2단계 밴드형,하기스_네이처메이드 2단계_밴드형
672,하기스,하기스 네이처메이드 기저귀 6단계 팬티형 (남녀선택),하기스_네이처메이드 6단계_밴드형
673,코트니,코트니 기저귀 중형 밴드형,코트니_중형_밴드형
674,스너글스,스너글스 스너그핏 기저귀 대형 팬티형,스너글스_대형_팬티형
675,하기스,하기스 2020 네이처메이드 기저귀 4단계 팬티형 (남녀선택),하기스_네이처메이드 4단계_팬티형
676,하기스,하기스 2022 네이처메이드 썸머 기저귀 5단계 팬티형,하기스_네이처메이드 썸머_5단계_팬티형
677,보솜이,보솜이 리얼코튼 오가니크 기저귀 신생아 밴드형,보솜이_리얼코튼_신생아_밴드형
678,엘프레리,엘프레리 에어필 팬티 기저귀 L,엘프레리_에어필_L_팬티형
679,하기스,하기스 2020 맥스드라이 기저귀 3단게 팬티형,하기스_맥스드라이_3단계_팬티형
680,슈퍼대디,슈퍼대디 미스터펭 매직슬림 팬티기저귀 대형 팬티형,슈퍼대디_매직_대형_팬티형
681,페넬로페,페넬로페 2020 씬씬씬 플러스 기저귀 중형 팬티형 (남녀선택),페넬로페_씬씬씬_중형_팬티형
683,대디베이비,대디베이비 골드 기저귀 M 밴드형,대디베이비_골드_M_밴드형
684,마미포코,마미포코 에어핏 기저귀 대형 밴드형 (남녀선택),마미포코_에어핏_대형_밴드형
685,보솜이,보솜이 베이비케어 티거 기저귀 신생아 밴드형,보솜이_베이비케어_신생아_밴드형
686,마미포코,마미포코 시그니처 씬 기저귀 대형 팬티형,마미포코_대형_팬티형
687,쿠망,쿠망 슈퍼 울트라 씬 네이쳐 기저귀 XL 밴드형,쿠망_XL_밴드형
688,코코핏,코코핏 아이스크림 기저귀 점보형 팬티형,코코핏_아이스크림_점보형_팬티형
689,슈퍼대디,슈퍼대디 미피 매직드라이 기저귀 중형 팬티형,슈퍼대디_드라이_중형_팬티형
690,엘프레리,엘프레리 2021 에어씬 기저귀 특대형 팬티형,엘프레리_에어씬_특대형_팬티형
691,쿠망,쿠망 슈퍼 울트라 씬 네이쳐 기저귀 XL 팬티형,쿠망_XL_밴드형
692,마미포코,마미포코 에어핏 기저귀 소형 밴드형,마미포코_에어핏_소형_밴드형
693,보솜이,보솜이 2018 리얼코튼 팬티 기저귀 대형 팬티형 (남녀선택),보솜이_리얼코튼_대형_팬티형
694,쿠망,쿠망 슈퍼 울트라 씬 네이쳐 기저귀 S 밴드형,쿠망_S_밴드형
695,쿠망,쿠망 울트라 씬 네이쳐 기저귀 XXL 팬티형,쿠망_XXL_팬티형
696,하기스,하기스 2014 프리미어 5단계 밴드형 (남녀선택),하기스_프리미어_5단계_밴드형
697,바바랩,바바랩 2017 울트라씬 기저귀 XL 팬티형,바바랩_XL_팬티형
698,대디베이비,대디베이비 2016 골드 특대형 밴드형,대디베이비_골드_특대형_밴드형
699,쿠망,쿠망 슈퍼 울트라 씬 네이쳐 기저귀 M 밴드형,쿠망_M_밴드형
700,NABIZAM,NABIZAM 매직 소프트 기저귀 소형 밴드형,NABIZAM_매직_소형_밴드형
701,코트니,코트니 기저귀 신생아 밴드형,코트니_신생아_밴드형
702,마미포코,마미포코 2022 호랑이 에디션 에어핏 공기솔솔 기저귀 대형 밴드형,마미포코_에어핏_대형_밴드형
703,슈퍼대디,슈퍼대디 미스터펭 매직슬림 기저귀 중형 밴드형,슈퍼대디_매직_중형_밴드형
704,대디베이비,대디베이비 리얼핏 기저귀 XL 팬티형,대디베이비_리얼핏_특대형_팬티형
705,하기스,하기스 2020 맥스드라이 기저귀 4단계 팬티형,하기스_맥스드라이_4단계_팬티형
706,대디베이비,대디베이비 리얼핏 기저귀 점보형 팬티형,대디베이비_리얼핏_점보형_팬티형
707,대디베이비,대디베이비 리얼핏 기저귀 특대형 팬티형,대디베이비_리얼핏_특대형_팬티형
708,대디베이비,대디베이비 리얼핏 기저귀 키즈형 팬티형,대디베이비_리얼핏_키즈형_팬티형
