brand,name,group
마이베프,마이베프 많이담은 건조간식 닭가슴살 300g,마이베프_닭가슴살
마이펫닥터,"[마이펫닥터] 펫밀크큐브 강아지우유 고양이우유 락토프리 펫밀크 동결건조간식 관절 보스웰리아 콘드로이친, 45g, 1ea",마이펫닥터_간식
마이펫푸,마이펫푸 프로바이오틱스 냥쾌 애완용품 고양이간식 애완간식,마이펫푸_간식
마쯔리,내이쳐스 본 치킨 20p X2 강아지간식 치석 고기말이껌,마쯔리_치킨
마쯔리,내이쳐스 본 오리 20p X2 강아지간식 치석 고기말이껌,마쯔리_오리
먀오,먀오 동결건조 와일드고트 야생산양 50g 고양이간식,먀오_산양
먀오,먀오 동결건조 비프 그린트라이프 40g 고양이간식,먀오_그린
먀오,먀오 동결건조 와일드고트 야생산양 50g 고양이 간식,먀오_고트
먀오,먀오 동결건조 비프 그린트라이프 40g 고양이 간식,먀오_그린
명견만리,명견만리 대용량 소고기 육포 강아지 반려견 사료 1kg,명견만리_소고기
명견만리,명견만리 대용량 닭고기 육포 강아지 반려견 사료 1kg,명견만리_닭고기
명랑견생,[5+1] 강아지 동결건조 야채 믹스칩 40g 비건 수제 간식 트릿,명랑견생_야채믹스
모노모,모노모 참치치어 80g x 24개,모노모_참치치어
미우타임즈,[미우타임즈] 더 프리즈 드라이드 살몬 (동결건조 연어) 60g 1개입 고양이간식 트릿,미우타임즈_연어
바보사랑,[바보사랑] 칸타나 동결건조 치킨 텐더 300G[스토어봄],바보사랑_치킨텐더
바보사랑,[바보사랑]마시꾸냥 동결건조 23g(연어트릿)눈건강 및 피부건강-,바보사랑_연어
바보사랑,고양이간식 킷캣 동결건조 대구(15g),바보사랑_대구
바보사랑,브리더랩 고양이 동결건조 큐브간식 20g,바보사랑_큐브
바보사랑,마시꾸냥 동결건조 25g(닭가슴살트릿),바보사랑_닭가슴살
바보사랑,내추럴맘마 영양 연어 파우더 50g,바보사랑_연어파우더 
바보사랑,칸타나 동결건조 치킨 큐브 300g,바보사랑_치킨
바우와우,[바우와우] 바우와우 비타민 흰살생선 연어함유 소프트 져키 치킨 150g,바우와우_치킨
바이독,강아지 건강 동결건조 연어 트릿 원형 140g 1P 간식,바이독_연어
바이독,반려동물 간식 바이독 건강동결 연어트릿 140g,바이독_연어
바이캣,바이캣 마시꾸냥 동결건조 트릿 닭가슴살 25g 영양간식,바이캣_닭가슴살
바잇미,[2+1]바잇미 강아지 동결건조 리틀 팜 베지 믹스 30g,바잇미_베지
바잇미,[바잇미] 바잇미 포포트릿 - 소간 동결건조 75g,바잇미_소간
바잇미,바잇미 동결건조 간식 티니트 릿 닭가슴살,바잇미_닭가슴살
바잇미,바잇미 강아지 동결건조 팜 베지 믹스 30g,바잇미_베지
바잇미,[2+1] 바잇미 티니트릿 - 북어15g 2개 + 닭가슴살25g 1개,바잇미_북어
바잇미,[1+1] 바잇미 캣츠파티 필링 쿠키 치킨/해산물(교차가능),바잇미_치킨
바잇미,바잇미 리틀 쵸키 10개입 연어 (헤어볼 케어) 315271,바잇미_연어
바잇미,바잇미 리틀 쵸키 새우 (신장) 317524,바잇미_새우가루
바잇미,[바잇미] 바잇미 비오바이츠 동결건조 유산균 트릿 - 연어(면역),바잇미_연어
바잇미,[바잇미] 바잇미 비오바이츠 동결건조 유산균 트릿 - 북어(덴탈),바잇미_북어
바잇미,바잇미 포포트릿 북어 동결건조 (40g),바잇미_북어
반하다,국내산 닭가슴살 트릿 동결 건조 반하다 닭가슴살 100g 강아지 고양이 간식,반하다_닭가슴살
반하다,국내산 닭가슴살 트릿 동결 건조 큐브 강아지 고양이 간식,반하다_닭가슴살
벅스펫,벅스펫 베지믹스 비건테라피 1kg,벅스펫_야채
벅스펫,벅스펫 베지믹스 강아지야채 비건테라피 250g,벅스펫_야채
벅스펫,벅스펫 베지믹스 국내산 강아지 야채 후레이크 비건테라피 250g,벅스펫_야채
벅스펫,벅스펫 베지믹스 비건테라피 국내산 야채 강아지간식 1kg,벅스펫_야채
벅스펫,벅스펫 베지믹스 비건테라피 250g 강아지 야채간식,벅스펫_야채
벅스펫,벅스펫 베지믹스 비건테라피 강아지 야채 250g,벅스펫_야채
벅스펫,벅스펫 베지믹스 비건테라피 국내산 야채 1kg+베지스틱5p,벅스펫_야채
벅스펫,벅스펫 베지믹스 베지스틱 맛보기 강아지자연식 화식 야채믹스 (4g),벅스펫_야채
벅스펫,벅스펫 베지믹스 테라피 50g 2개 (비건+푸드),벅스펫_야채
벅스펫,벅스펫 베지믹스 푸드 테라피 50g 2개,벅스펫_야채
벅스펫,벅스펫 베지믹스 비건 테라피 50g 2개,벅스펫_야채
벅스펫,벅스펫 베지믹스 비건 테라피 대용량 1kg (250gx4개),벅스펫_야채
벅스펫,벅스펫 베지믹스 푸드 테라피 대용량 1kg (250gx4개),벅스펫_야채
벅스펫,벅스펫 베지믹스 베지스틱 480g (4gx120개),벅스펫_야채
벅스펫,벅스펫 푸드테라피 야채믹스 사료토핑 1kg,벅스펫_야채
베게브랜드,베게7 덴탈 이펙트 팝핀스틱 12p 용품 간식 강아지,베게브랜드_팝핀스틱
베게브랜드,베게7 덴탈이펙트 밀크 팝핀스틱 12p 애견 간식,베게브랜드_팝핀스틱
베게브랜드,베게7 덴탈이펙트 밀크 팝핀스틱 12p 강아지 애완 용품 간식 애견,베게브랜드_팝핀스틱
베게브랜드,sum 베게7 덴탈이펙트 밀크 팝핀스틱 12p,베게브랜드_팝핀스틱
베리앤펫,베리앤펫 베리 리얼 트릿 야채 채소 동결건조 강아지 고양이 영양 수제 간식 트릿,베리앤펫_야채
벤티,[NEW! 새로운 맛] 벤티 프리즈 동결건조 연어 90g 강아지/고양이 간식,벤티_연어
벤티,[NEW! 새로운 맛] 벤티 프리즈 동결건조 북어 90g 강아지/고양이 간식,벤티_북어
벤티,벤티 프리즈 동결건조 북어 90g 강아지/고양이 간식,벤티_북어
벤티,벤티 프리즈 동결건조 연어 90g 강아지/고양이 간식,벤티_연어
보드미,강아지간식 오리스테이크 300g 1P 애견 훈련 간식,보드미_오리
보드미,강아지간식 고구마사사미 300g 1P 애견 스낵 보상,보드미_고구마
보드미,강아지간식 양고기스테이크 300g 1P 애견 훈련 간식,보드미_양고기 
보드미,강아지간식 양고기큐브 300g 1P 애견 훈련 간식 보상,보드미_양고기 
보드미,강아지간식 치킨스테이크 300g 1P 애견 훈련 간식,보드미_치킨스테이크
보드미,강아지간식 양고기스틱 300g 1P 애견 훈련 간식 보상,보드미_양고기 
보드미,강아지간식 오리스틱 300g 1P 애견 훈련 간식 보상,보드미_오리
보드미,강아지간식 치킨큐브 300g 1P 애견 훈련 간식 보상,보드미_치킨큐브
보드미,강아지간식 치킨 슬라이스 300g 1P 애견 간식 보상,보드미_치킨
보드미,강아지간식 소고기큐브 300g 1P 애견 훈련 간식 보상,보드미_소고기
보드미,강아지간식 소고기스틱 300g 1P 애견 훈련 간식 보상,보드미_소고기
보드미,강아지간식 양고기슬라이스 300g 1P 애견 육포 스낵,보드미_양고기 
보드미,강아지간식 소고기스테이크 300g 1P 애견 훈련 간식,보드미_소고기
보드미,강아지간식 치킨스틱 300g 1P 애견 훈련 간식 보상,보드미_치킨스틱
보드미,강아지 건강이야기 연어져키 150g 1P 간식 애견,보드미_연어
보드미,고양이동결건조간식 D17 칸타나 동결건조 치킨큐브 50g,보드미_치킨큐브
보드미,동결건조 닥터푸 고양이 동결건조간식 대용량 열빙어트릿 240g,보드미_열빙어
보드미,동결건조 닥터푸 고양이 동결건조간식 대용량 열빙어 240g 5개,보드미_열빙어
보드미,동결건조 닥터푸 고양이 동결건조간식 대용량 열빙어 240g 3개,보드미_열빙어
보드미,강아지간식 든든 동결건조 오징어 큐브 200g 1통,보드미_오징어
보드미,강아지간식 든든 동결건조 연어 큐브200g 1통,보드미_연어
보드미,동결건조 닥터푸 고양이 동결건조간식 대용량 치킨트릿 320g,보드미_치킨
보드미,동결건조 닥터푸 고양이 동결건조간식 대용량 치킨트릿320g 5개,보드미_치킨
보드미,동결건조 닥터푸 고양이 동결건조간식 대용량 치킨트릿320g 3개,보드미_치킨
보레알,보레알 캣 그레인프리 156g 24개입 치킨+오리 고양이주식캔,보레알_치킨+오리
본아페티,본아페티 100% 국내산 당근 야채 동결 건조 트릿 강아지 고양이 채소 큐브 간식 30g,본아페티_야채
본아페티,본아페티 100% 치킨 닭고기 동결 건조 트릿 강아지 고양이 큐브 간식 30g,본아페티_치킨
본아페티,본아페티 100% 황태 북어 동결 건조 트릿 강아지 고양이 큐브 간식 30g,본아페티_황태
본아페티,본아페티 100% 국내산 당근 야채 동결 건조 트릿 고양이 강아지 큐브 간식 30g 2개,본아페티_야채
본아페티,본아페티 100% 황태 북어 동결 건조 트릿 고양이 강아지 큐브 간식 30g 2개,본아페티_황태
본아페티,본아페티 100% 치킨 닭고기 동결 건조 트릿 고양이 강아지 큐브 간식 30g 2개,본아페티_치킨
붐붐포,"붐붐포 듬뿍한팩 대용량 수제간식, 오리날개",붐붐포_오리날개
붐붐포,붐붐포 듬뿍한팩 대용량 수제간식 오리도가니,붐붐포_도가니
붐붐포,붐붐포 듬뿍한팩 대용량 수제간식 오리목뼈,붐붐포_오리목뼈
브리더랩,마더스펫 브리더랩 고먐미 동결건조 미니 큐브 20g 고양이간식,브리더랩_큐브
브리더랩,마더스펫 브리더랩 고먐미 동결건조 미니 큐브 대구 20g 고양이간식,브리더랩_대구
브리더랩,마더스펫 브리더랩 고먐미 동결건조 미니 큐브 참치 20g 고양이간식,브리더랩_참치
브리더랩,마더스펫 브리더랩 고먐미 동결건조 미니 큐브 치킨 20g 고양이간식,브리더랩_치킨
브리더랩,마더스펫 브리더랩 고먐미 동결건조 미니 큐브 오리 20g 고양이간식,브리더랩_오리
브리더랩,마더스펫 브리더랩 고먐미 동결건조 미니 큐브 연어 20g 고양이간식,브리더랩_연어
브리더랩,브리더랩 고먐미 동결건조 미니 큐브 참치 20g,브리더랩_참치
브리더랩,브리더랩 고먐미 동결건조 미니 큐브 대구 20g,브리더랩_대구
브리더랩,브리더랩 고먐미 동결건조 미니 큐브 오리 20g,브리더랩_오리
브리더랩,브리더랩 고먐미 동결건조 미니 큐브 연어 20g,브리더랩_연어
브리더랩,브리더랩 동결건조 고양이용 미니큐브 20g 대구,브리더랩_대구
브리더랩,브리더랩 동결건조 고양이용 미니큐브 20g 참치,브리더랩_참치
브리더랩,브리더랩 동결건조 고양이용 미니큐브 20g 연어,브리더랩_연어
브리더랩,캣츠다이닝 치킨 대구 슬라이스 20g x 10개 /부드러운 고양이 간식 브리더랩,브리더랩_대구
브리더랩,브리더랩 동결건조 미니큐브 치킨 20g 강아지 애견간식 노즈워크 고양이,브리더랩_치킨
브리더랩,브리더랩 동결건조 고양이용 미니큐브 20g 치킨,브리더랩_치킨
브리더랩,브리더랩 고먐미 동결건조 미니 큐브 치킨 20g,브리더랩_치킨
브리더랩,브리더랩 월간 통살 연어 600g(20g x 30개) 강아지 고양이 겸용 간식,브리더랩_연어
브리더랩,브리더랩 고양이간식 동결건조 고먐미 미니큐브 20g (치킨 / 참치 택1),브리더랩_치킨
브리더랩,PD브리더랩 캣 고양이 촉촉트릿 방광염 보양식 동결건조 미니 큐브 20g X 5개,브리더랩_큐브
브리더랩,PD브리더랩 캣 고양이 촉촉트릿 보양식 동결건조 미니 큐브 20g X 10개,브리더랩_큐브
브리더랩,브리더랩 고먐미큐브 동결건조큐브 대구 20g 고양이간식,브리더랩_대구
브리더랩,브리더랩 고먐미큐브 동결건조큐브 오리 20g 고양이간식,브리더랩_오리
브리더랩,브리더랩 고먐미큐브 동결건조큐브 연어 20g 고양이간식,브리더랩_연어
브리더랩,브리더랩 고먐미큐브 동결건조큐브 치킨 20g 고양이간식,브리더랩_치킨
브리더랩,브리더랩 고먐미큐브 동결건조큐브 참치 20g 고양이간식,브리더랩_참치
브리더랩,브리더랩 동결건조 고양이용 미니큐브 20g 오리,브리더랩_오리
브리더랩,[브리더랩] 브리더랩 고먐미 동결건조 미니 큐브 20g 모음 고양이간식,브리더랩_큐브
브리더랩,브리더랩 고양이 동결건조 대구 20g 고양이간식,브리더랩_대구
브리더랩,브리더랩 고양이 동결건조 연어 20g 고양이간식,브리더랩_연어
브리더랩,브리더랩 고양이 동결건조 오리 20g 고양이간식,브리더랩_오리
브리더랩,브리더랩 고양이 동결건조 참치 20g 고양이간식,브리더랩_참치
브리더랩,브리더랩 고양이 동결건조 치킨 20g 고양이간식,브리더랩_치킨
비타크래프트,비타크래프트 고양이 간식 크리스피크런치 연어 60g 3개,비타크래프트_연어
비타크래프트,비타크래프트 캣얌 고양이 간식 치즈 40g 3개,비타크래프트_치즈
비타크래프트,비타크래프트 캣얌 고양이 간식 리버소세지 40g 3개,비타크래프트_소시지
비타크래프트,비타크래프트 주식파우치 포에시 델리소스 칠면조 85g 15개,비타크래프트_칠면조
비타크래프트,비타크래프트 비타 포에시 하트캔 치킨 칠면조 85g 15개,비타크래프트_칠면조
비타크래프트,비타크래프트 고양이 간식 크리스피크런치 연어60g 8개,비타크래프트_연어
비타크래프트,비타크래프트 주식파우치 포에시 델리소스 명태 85g 15개,비타크래프트_명채
비타크래프트,비타크래프트 주식파우치 포에시 델리소스 치킨 85g 15개,비타크래프트_치킨
빌리스벳,[리뉴얼] 면역 유산균 간식 빌리스벳 프로바이트원 치킨 강아지 고양이,빌리스벳_치킨
빌리스벳,[리뉴얼] 관절 유산균 간식 빌리스벳 프로바이트J 말고기 강아지 고양이,빌리스벳_말고기
빌리스벳,[리뉴얼] 피부 유산균 간식 빌리스벳 프로바이트S 연어 강아지 고양이,빌리스벳_연어 
뽀빠이,[유통기한임박상품] 뽀빠이 튼튼 동결건조 강아지간식 50g,뽀빠이_간식
뽀시래기,뽀시래기 강아지 동결건조 간식 대용량 북어 큐브 트릿 170g,뽀시래기_북어
뽀시래기,뽀시래기 고양이 동결건조 간식 대용량 북어 큐브 트릿 170g,뽀시래기_북어
뽀시래기,뽀시래기 고양이 동결건조 간식 대용량 가자미 큐브 트릿 130g,뽀시래기_가자미
뽀시래기,뽀시래기 강아지 동결건조 간식 북어&야채 큐브 트릿 30g,뽀시래기_북어야채
뽀시래기,뽀시래기 강아지 동결건조 간식 계란 노른자 큐브 트릿 80g,뽀시래기_계란
뽀시래기,뽀시래기 강아지 동결건조 간식 한우 소간 큐브 트릿 60g,뽀시래기_한우소간
뽀시래기,뽀시래기 강아지 동결건조 간식 치킨&야채 큐브 트릿 45g,뽀시래기_치킨야채
뽀시래기,뽀시래기 강아지 동결건조 간식 치킨 큐브 트릿 120g,뽀시래기_치킨
뽀시래기,뽀시래기 강아지 동결건조 간식 북어 큐브 트릿 85g,뽀시래기_북어
뽀시래기,뽀시래기 고양이 동결건조 간식 계란 노른자 큐브 트릿 80g,뽀시래기_계란
뽀시래기,뽀시래기 고양이 동결건조 간식 연어 큐브 트릿 120g,뽀시래기_연어
뽀시래기,뽀시래기 고양이 동결건조 간식 참치 큐브 트릿 120g,뽀시래기_참치
뽀시래기,뽀시래기 고양이 동결건조 간식 치킨 큐브 트릿 120g,뽀시래기_치킨
뽀시래기,뽀시래기 고양이 동결건조 간식 북어 큐브 트릿 85g,뽀시래기_북어
뽀시래기,뽀시래기 강아지 고양이 동결건조 간식 치킨 미니 큐브 트릿 50g,뽀시래기_치킨_50
뽀시래기,뽀시래기 강아지 고양이 동결건조 간식 가자미 미니 큐브 트릿 35g,뽀시래기_가자미_35
뽀시래기,뽀시래기 고양이 동결건조 간식 북어 큐브 트릿 170g,뽀시래기_북어
뽀시래기,뽀시래기 강아지 고양이 동결건조 간식 북어 미니 큐브 트릿 35g,뽀시래기_북어_35
산시아코리아,조피쉬 동결건조 닭고기 트리트 12g x 30개 1박스,산시아코리아_닭고기
산시아코리아,조피쉬 동결건조 대구 트리트 8g x 30개 1박스,산시아코리아_대구
산시아코리아,조피쉬 동결건조 오리 트리트 9g x 30개 1박스,산시아코리아_오리
산시아코리아,조피쉬 동결건조 닭고기 간 트리트 12g x 30개 1박스,산시아코리아_닭고기
산시아코리아,조피쉬 동결건조 콤보 30개 1박스,산시아코리아_콤보
산시아코리아,조피쉬 동결건조 연어 트리트 12g x 30개 1박스,산시아코리아_연어
소소네집,[1+1] [유통기한 임박] 리얼트루 고양이 강아지 동결건조 건강한 트릿 간식 모음전,소소네집_트릿
소프트릿,[유통기한 24년04월19일] [샘플팩] 소프트릿 고양이 동결건조 (5종),소프트릿_트릿
소프트릿,(유통기한) 소프트릿 고양이 동결건조간식 양고기 2.5g 20개입,소프트릿_양고기 
소프트릿,소프트릿 동결건조 트릿 3종 택1 (치킨/연어/북어),소프트릿_치킨
소프트릿,[1+1+1] 소프트릿 고양이 초미니 동결건조 트릿 가자미 1BOX (2.5g*20ea),소프트릿_가자미
소프트릿,[1+1] [샘플팩] 소프트릿 고양이 동결건조 (5종),소프트릿_트릿
수제명가,강아지 동결건조 북어트릿120g,수제명가_북어
수제명가,수제명가 미니 통북어 150g,수제명가_통북어
수제명가,동결건조 미니황태,수제명가_황태
수제명가,동결건조 통북어 11마리,수제명가_통북어
수제명가,"중,대형견용 대용량 동결건조 황태머리200g",수제명가_황태머리
쉨잇,쉨잇 캣 북어 185g (유통기한 2024.3.20),쉨잇_북어
쉬바,쉬바 참치와 도미 70g X12개,쉬바_참치_도미
쉬바,쉬바 참치와 닭고기 70g X12개,쉬바_참치_닭고기
쉬바,쉬바 참치와 게맛살 70g X12개,쉬바_참치_게맛살
쉬바,쉬바 멜티 고메 피쉬 2가지맛 240g,쉬바_피쉬
쉬바,쉬바 미니 파우치 리치 해산물 3가지 셀렉션 35gx6,쉬바_3가지
쉬바,쉬바 미니파우치리치 키튼 닭가슴살과오션 2가지35gx6,쉬바_닭가슴살
쉬바,쉬바 미니 파우치 리치 생선 3가지 셀렉션 35gx6,쉬바_생선
쉬바,쉬바 주니어 닭고기 무스 70g,쉬바_무스
쉬바,쉬바 닭고기 무스 70g x12개,쉬바_무스
쉬바,쉬바 멜티 대용량 12g 20개입 가다랑어 2가지맛 고양이간식,쉬바_가다랑어
쉬바,쉬바 참치 70g x 24개입,쉬바_참치
쉬바,쉬바 파우치 베스트 믹스 70g x 18개입,쉬바_믹스
쉬바,고양이 간식 디저트 영양식 육포 디럭스 참치 24개,쉬바_참치
쉬바,쉬바 간식 파우치 닭고기 무스 70gx24개,쉬바_무스
쉬바,쉬바 간식 파우치 참치 호박과 당근 그레이비 70gx24개,쉬바_참치_호박
쉬바,쉬바 고양이 파우치 참치와닭고기 70G 24팩,쉬바_참치_닭고기
쉬바,쉬바 고양이 습식 간식 캔 1세 이상 참치와 젤리소스 85g x 24개,쉬바_참치_젤리
쉬바,쉬바 캔 참치 젤리소스 85gx12개,쉬바_참치_젤리
쉬바,쉬바 간식 파우치 닭고기 무스 70gx12개,쉬바_무스
쉬바,참치 70g X12개 쉬바,쉬바_참치
쉬바,참치와 도미 70g x 24개입 쉬바,쉬바_참치_도미
쉬바,참치와 닭고기 70g x 24개입 쉬바,쉬바_참치_닭고기
쉬바,참치 70g x 24개입 쉬바,쉬바_참치
쉬바,쉬바 참치와 도미 70g x 24개입,쉬바_참치_도미
쉬바,쉬바 멜티 참치 2가지맛 240g,쉬바_참치
스몰배치,스몰배치 포크하트 3.5oz(99g),스몰배치_포크하트
스몰배치,스몰배치 터키하트 3.5oz(99g),스몰배치_터키하트
스몰배치,스몰배치 치킨하트 3.5oz(99g),스몰배치_치킨하트
스탠바이미,(스탠바이미) 동결건조 안심트릿 닭가슴살(55g),스탠바이미_안심
스탠바이미,강아지 고양이 훈련용 닭가슴살 치킨 간식 큐브 트릿 동결건조,스탠바이미_치킨
스탠바이미,스탠바이미 동결건조 안심트릿 애견 강아지 고양이 훈련용 간식 열빙어 65g,스탠바이미_열빙어
스탠바이미,스탠바이미 동결건조 안심트릿 애견 강아지 고양이 훈련용 간식 닭가슴살 연어 복어 오징어,스탠바이미_닭가슴살
스탠바이미,스탠바이미 동결건조 안심트릿 닭가슴살 55g,스탠바이미_닭가슴살
스탠바이미,스탠바이미 동결건조 안심트릿 연어 45g,스탠바이미_연어
스탠바이미,강아지간식 고양이간식 스탠바이미 동결건조 안심트릿 북어 40g,스탠바이미_북어
스탠바이미,동결건조 스탠바이미 안심트릿 닭가슴살 55g 영양간식,스탠바이미_닭가슴살
스탠바이미,스탠바이미 동결건조 안심트릿 북어 40g,스탠바이미_북어
스탠바이미,(스탠바이미) 동결건조 안심트릿 연어 (45g),스탠바이미_연어
스티브스리얼푸드,스티브스리얼푸드 프로틴 바이트 치킨 113g,스티브스리얼푸드_치킨
스피어,칸타나 동결건조 300g 치킨 큐브,스피어_치킨
스피어,애견간식 하루5그램 동결건조 닭가슴살,스피어_닭가슴살
시저,"마즈 시저 사과, 양배추와 고구마 큐브 280g 강아지간식",시저_사과양배추고구마
신왕에프엔비,더펫플러스 국내산 새우가루 200g - 반려견간식,신왕에프엔비_새우가루
신왕에프엔비,닭가슴살큐브 100gx3봉,신왕에프엔비_닭가슴살
신우,간식 영양식 고양이 10g 쭉쭉이 20개 테비 참치맛 수제 사사미 주식 반려,신우_참치
아띠지기,강아지 동결건조 간식 야채믹스 아띠트릿,아띠지기_야채
아르르,아르르 산양유 밀키트릿 4종 1+1 총 2개 동결건조,아르르_밀키
아르르,아르르 토이트릿 미니 선물 세트 강아지 고양이 닭 북어 동결건조 훈련 트릿 저칼로리 간식,아르르_닭북어
아스쿠,고양이 간식 슬라이스 디저트 사료 가쓰오부시 65g,아스쿠_가쓰오부시 
아이티아이,[아이티아이] 스킨앤 코트 양고기 저키 (100g),아이티아이_양고기 
아이티아이,[아이티아이] 컷츠 치킨 앤 마누카허니 (100g),아이티아이_치킨
아이티아이,[아이티아이] 힙 앤 조인트 소고기 져키 (100g),아이티아이_소고기
아이펫베이크,[4+1] 아이펫베이크 동결건조 닭 가슴살 큐브 라지바이트 30g,아이펫베이크_닭
아이펫베이크,[4+1] 아이펫베이크 동결건조 칠면조 가슴살 큐브 라지바이트 30g,아이펫베이크_칠면조 
아임디퍼런트,[1+1] 아임디퍼런트 동결건조 트릿 기니파울 뿔닭 40g,아임디퍼런트_뿔닭
아임디퍼런트,[1+1] 아임디퍼런트 동결건조 트릿 송어 40g,아임디퍼런트_송어
아임디퍼런트,[1+1] 아임디퍼런트 동결건조 트릿 오리 40g,아임디퍼런트_오리
아임디퍼런트,[1+1] 아임디퍼런트 동결건조 트릿 정어리 40g,아임디퍼런트_정어리
아임디퍼런트,[1+1] 아임디퍼런트 동결건조 트릿 철갑상어 40g,아임디퍼런트_철갑상어
아임디퍼런트,아임디퍼런트 동결건조 부스터 240g 강아지 고양이 사료토퍼 오리,아임디퍼런트_오리_240
아임디퍼런트,[연말세일행사] 아임디퍼런트 동결건조 트릿 칠면조 40g,아임디퍼런트_칠면조_40
아임디퍼런트,[1+1] 아임디퍼런트 동결건조 트릿 칠면조 40g,아임디퍼런트_칠면조_40
아임디퍼런트,[1+1] 아임디퍼런트 동결건조 트릿 치킨 40g,아임디퍼런트_치킨
아임요,아임요 옥수수 토핑 80g x 2개 동결건조,아임요_닭가슴살_100
아임트릿,아임트릿 동결건조 강아지 고양이간식 닭가슴살 100g,아임트릿_닭가슴살_100
아임트릿,아임트릿 닭가슴살 강아지 고양이 겸용 동결건조 800g,아임트릿_간식
아침애,아침애 강아지 고양이 동결건조 간식,아침애_간식
아침애,아침애 동결건조 간식(닭가슴살 그대로)70g x 3개세트,아침애_간식
아카나,아카나 그래스랜드 캣 4.5kg,아카나_간식
아카나,아카나 와일드 프레이리 캣 4.5kg,아카나_간식
아크로펫,아크로펫 짜먹는 고양이 간식 영양간식 스틱형 츄르 치킨 60개,아크로펫_치킨
아크로펫,아크로펫 짜먹는 고양이 간식 영양간식 대용량 스틱형 츄르 연어 60개,아크로펫_연어
알모네이쳐,알모네이쳐 고양이 주식캔 내츄럴 참치 닭고기 치즈 6개,알모네이쳐_참치_닭고기_치즈
알모네이쳐,알모네이쳐 고양이 주식캔 내츄럴 참치 뱅어 70g 6개,알모네이쳐_참치_뱅어 
애기미,애기미 북어 치킨 연어 열빙어 오리목뼈 동결건조트릿 국내제조,애기미_트릿 
애기미,국내산 치킨파우더300g X 3봉 동결건조 고양이간식 애기미 본사,애기미_치킨파우더
애기미,국내산 닭가슴살트릿 고양이트릿 치킨트릿 동결 건조 강아지 간식 대용량 500g,애기미_트릿 
애기미,고양이 북어 트릿 동결 건조 간식 무염 명태 대용량 500G,애기미_북어_명태
애기미,애기미 본사 국내제조 북어트릿180+연어트릿180g 동결건조간식 고양이간식,애기미_북어_연어 
애기미,국내산 미니치킨트릿70g 동결건조 고양이간식 애기미 본사,애기미_치킨트릿
애기미,국내제조 미니북어트릿50g 동결건조고양이간식 애기미 본사,애기미_북어트릿
애기미,애기미 동결건조 명태순살바디 대용량170g 국내제조 강원도고성,애기미_명태순살
애니홀릭,고양이 간식 엘라이신 스틱 영양제 치킨 리버 100개,애니홀릭_치킨리버
애니홀릭,고양이 간식 엘라이신 스틱 영양제 치킨 리버 10개,애니홀릭_치킨리버
애니홀릭,고양이 간식 엘라이신 스틱 300개,애니홀릭_스틱
애니홀릭,고양이 간식 엘라이신 스틱 칠면조 10개,애니홀릭_칠면조
애니홀릭,고양이 간식 엘라이신 칠면조 100개,애니홀릭_칠면조
애니홀릭,고양이 간식 엘라이신 스틱 치킨 리버 10개,애니홀릭_치킨리버
애니홀릭,고양이 간식 엘라이신 연어 송어 10개,애니홀릭_연어송어
애니홀릭,고양이 간식 엘라이신 연어 송어 100개,애니홀릭_연어송어
애니홀릭,고양이 간식 엘라이신 스틱 영양제 비타민 300개,애니홀릭_영양제
애니홀릭,고양이 간식 엘라이신 스틱 영양제 비타민 칠면조 1개,애니홀릭_칠면조
애니홀릭,고양이 간식 엘라이신 스틱 영양제 칠면조 10개,애니홀릭_칠면조
애니홀릭,고양이 간식 엘라이신 스틱 치킨 리버 100개,애니홀릭_치킨리버
애니홀릭,고양이 간식 엘라이신 영양제 비타민 연어 송어 100개,애니홀릭_연어송어
애니홀릭,고양이 간식 엘라이신 영양제 비타민 연어 송어 10개,애니홀릭_연어송어
애니홀릭,고양이 간식 엘라이신 스틱 영양제 비타민 치킨 1개,애니홀릭_치킨
애니홀릭,고양이 간식 엘라이신 영양제 비타민 칠면조 100개,애니홀릭_칠면조 
야옹섬,고양이 프리미엄 닭가슴살 간식 트릿 냠냠보스,야옹섬_트릿
어니스트,어니스트 치킨 큐브 100g 160g 트릿,어니스트_치킨 
어니스트,어니스트 동결건조 간식 25g 강아지 고양이 프리미엄 영양 간식 맛보기 기호성테스트,어니스트_간식 
어니스트,어니스트 사료위에 뿌려먹는 동결건조 파우더 고기반찬 + 생선반찬,어니스트_고기
어니스트,고양이 강아지 동결건조 어니스트 연어큐브 25g 훈련용간식,어니스트_연어 
어니스트,어니스트 동결건조 열빙어 80g,어니스트_열빙어 
어니스트,어니스트 연어반찬 고양이 강아지 동결건조 파우더 120g,어니스트_연어파우더 
어니스트,고양이 강아지 사료토핑 어니스트 동결건조 고기반찬 130g 대용량,어니스트_고기 
에이티바이오,럭셔리 발란스 참좋은 황태사료 연어 1Kg,에이티바이오_연어
에이티바이오,럭셔리 발란스 참좋은 황태사료 오리 1Kg,에이티바이오_오리
에프디트릿,FD 에프디트릿 천연 동결건조 가자미 50g 고양이간식,에프디트릿_가자미 
에프디트릿,에프디트릿 동결건조간식 순살 닭고기 250g (대용량),에프디트릿_닭고기 
에프디트릿,에프디트릿 FD트릿 고양이 동결건조 간식 닭고기 90g,에프디트릿_닭고기_90
에프디트릿,FD트릿 동결건조 참치 강아지 고양이 간식,에프디트릿_참치
에프디트릿,FD 에프디트릿 천연 동결건조 북어 40g 고양이간식,에프디트릿_북어
에프디트릿,에프디트릿 동결건조 순살닭고기 90g,에프디트릿_닭고기_90
에프디트릿,에프디트릿 북어 40g 고양이 냥이 동결건조 간식,에프디트릿_북어_40
에프디트릿,에프디트릿 참치 100g 고양이 냥이 동결건조 간식,에프디트릿_참치_100
에프디트릿,에프디트릿 닭간 120g 고양이 냥이 동결건조 간식,에프디트릿_닭간_120
에프디트릿,에프디트릿 닭간 120g,에프디트릿_닭간_120
에프디트릿,에프디트릿 닭고기 + 호박 95g,에프디트릿_닭고기_호박
에프디트릿,에프디트릿 닭심장 70g,에프디트릿_닭심장
에프디트릿,에프디트릿 참치 100g,에프디트릿_참치
에프디트릿,에프디트릿 닭고기 90g,에프디트릿_닭고기
에프디트릿,에프디트릿 북어 40g,에프디트릿_북어
에프디트릿,에프디트릿 닭고기 + 호박 95g 고양이 냥이 동결건조 간식,에프디트릿_닭고기_호박
에프디트릿,에프디트릿 닭심장 70g 고양이 냥이 동결건조 간식,에프디트릿_닭심장
에프디트릿,에프디트릿 닭고기 90g 고양이 냥이 동결건조 간식,에프디트릿_닭고기
에프디트릿,에프디트릿 동결건조 토끼고기 강아지 고양이 간식 85g,에프디트릿_토끼
에프디트릿,에프디트릿 동결건조 오리고기 강아지 고양이 간식 240g,에프디트릿_오리
에프디트릿,에프디트릿 동결건조 닭심장 강아지 고양이 간식 70g,에프디트릿_닭심장 
에프디트릿,에프디트릿 동결건조 연어 강아지 고양이 간식 80g,에프디트릿_연어 
에프디트릿,에프디트릿 동결건조 고구마 강아지 고양이 간식 85g,에프디트릿_고구마
에프디트릿,에프디트릿 동결건조 오리고기 강아지 고양이 간식 80g,에프디트릿_오리
에프디트릿,에프디트릿 동결건조 간식 토끼 75g,에프디트릿_토끼_75
에프디트릿,에프디트릿 동결건조 간식 연어 80g,에프디트릿_연어
에프디트릿,FD 에프디트릿 동결건조 순살닭고기 90gx3개,에프디트릿_닭고기
에프디트릿,FD트릿 동결건조 닭고기 강아지 고양이 간식,에프디트릿_닭고기
엠펫,고급 수제 오리도가니 간식 500g,엠펫_오리
오래오래프로젝트,강아지 블루베리 고구마 트릿 간식 250g,오래오래프로젝트_고구마트릿
오롯이너,오롯이너 고양이 강아지 동결건조 간식 트릿 4종 혼합콤보,오롯이너_혼합
오롯이너,오롯이너 고양이 강아지 동결건조 간식 트릿 30g 닭가슴살,오롯이너_닭가슴살
오리젠,오리젠 6 피쉬 캣 5.4kg,오리젠_피쉬
오믈오믈,오믈오믈 동결건조 면역력 트릿 150g (5g 30개입) 유통기한24년5월,오믈오믈_면역
오믈오믈,오믈오믈 동결건조 치킨 미니트릿 150g (5g 30개입) 유통기한24년6월,오믈오믈_치킨
오믈오믈,오믈오믈 동결건조 북어 미니트릿 150g (5g 30개입) 유통기한24년6월,오믈오믈_북어
오믈오믈,오믈오믈 동결건조 연어 미니트릿 150g (5g 30개입) 유통기한24년6월,오믈오믈_연어
오쏘트루,오쏘트루 고양이간식 강아지닭가슴살,오쏘트루_닭가슴살
오쏘트루,오쏘트루 동결건조 닭안심살 강아지 캣 채소트릿,오쏘트루_닭안심
오씨로우,오씨로우 동결건조 펌킨 (5.5oz),오씨로우_펌킨
오씨로우,오씨로우 프리즈 드라이드 펌킨 155g,오씨로우_펌킨
오씨로우,오씨로우 OC RAW 동결건조 펌킨 호박 155g,오씨로우_펌킨
오씨로우,오씨로우 동결건조 펌킨 155g,오씨로우_펌킨
올가밀,올가밀 앱솔루트블랙 동결건조 20g 4종 강아지 수제 간식 참치 황태 열빙어,올가밀_4종
올가밀,올가밀 맛집 오독오독 동결건조 9종 국산 딸기 망고 야채믹스 황태 채소 영양 간식,올가밀_야채믹스
올가밀,올가밀 맛집 오독오독 동결건조 20g 황태,올가밀_황태
올가밀,올가밀 맛집 오독오독 동결건조 10g 새우,올가밀_새우
올가밀,올가밀 맛집 오독오독 동결건조 10g 오징어,올가밀_오징어
올가밀,올가밀 맛집 오독오독 동결건조 10g 미니양배추,올가밀_미니양배추
올가밀,올가밀 맛집 오독오독 동결건조 20g 단호박,올가밀_단호박_열빙어
올가밀,올가밀 맛집 오독오독 동결건조 15g 당근,올가밀_당근
올가밀,올가밀 맛집 오독오독 동결건조 20g 야채믹스,올가밀_야채믹스
옵티펫,덴탈애 캣 황태 150g X 3개 ( OptiPet 배송 ) 옵티펫,옵티펫_황태
옵티펫,덴탈애 캣 황태 150g X 1개 ( OptiPet 배송 ) 옵티펫,옵티펫_황태
와그작,와그작 하루한컵 강아지 동결건조 야채 채소 간식 4종 12개입,와그작_야채채소
와그작,와그작 고양이는 더 좋아해 동결건조 시리즈 4종,와그작_혼합
와그작,와그작 고양이는 더 좋아해 동결건조 선물세트 4종 각3개입,와그작_혼합
와그작,와그작 하루한컵 대구랑 야채 7g x 12개입/ 강아지 동결건조 간식,와그작_대구야채
와그작,와그작 하루한컵 강아지 동결건조 간식 4종 혼합 12컵(대구 두부 소고기 오리 야채),와그작_혼합
와그작,와그작 고양이는 고기를 더 좋아해 오리가슴살 21개입,와그작_오리
와그작,와그작 하루한컵 동결건조 두부랑 야채 7g 12개입 동결건조 야채 강아지 간식,와그작_야채
완피,완피 크리미 퓨레 츄르 참치 새우14g x 50P(5P 10개) 고양이츄르 간식,완피_참치새우
완피,완피 크리미 고양이 츄르간식 14g 5p 5종세트,완피_5종
완피,완피 크리미 고양이 츄르간식 참치 연어14g 5p 3개,완피_참치연어
완피,완피 크리미 퓨레 츄르 치킨14g x 50P(5P 10개) 고양이츄르 간식,완피_치킨
완피,완피 크리미 퓨레 츄르 참치 연어14g x 50P(5P 10개) 고양이츄르 간식,완피_참치연어
완피,크리미 고양이 츄르간식 닭고기 14g 5p 3개 완피,완피_닭고기
완피,크리미 퓨레 츄르 치킨 게살 14g x 25P(5Px5개) /고양이츄르 간식 완피,완피_게살
완피,크리미 퓨레 츄르 참치 연어14g x 25P(5Px5개) /고양이츄르 간식 완피,완피_연어
완피,크리미 퓨레 츄르 참치 새우14g x 25P(5Px5개) /고양이츄르 간식 완피,완피_새우
우프앤먀오,고양이 유산균 동결건조 닭가슴살 트릿 간식 대용량 240g,우프앤먀오_닭가슴살
우프앤먀오,[3개] 고양이 유산균 동결건조 닭가슴살 트릿 간식 대용량 240g,우프앤먀오_닭가슴살
우프앤먀오,[2개] 고양이 유산균 동결건조 닭가슴살 트릿 간식 대용량 240g,우프앤먀오_닭가슴살
우프앤먀오,[1개] 고양이 유산균 동결건조 닭가슴살 트릿 간식 대용량 240g,우프앤먀오_닭가슴살
우프앤먀오,우프앤먀오 고양이 유산균 동결건조 닭가슴살 30g,우프앤먀오_닭가슴살
우프앤먀오,우프앤먀오 (현대Hmall) 우프앤먀오 고양이 유산균 동결건조 닭가슴살 30g,우프앤먀오_닭가슴살
우프앤먀오,[3개] 강아지 유산균 동결건조 닭가슴살 트릿 간식 대용량 240g,우프앤먀오_닭가슴살
우프앤먀오,(DOG)우프앤먀오 강아지 영양효모 무염황태 20g,우프앤먀오_황태
우프앤먀오,(DOG)우프앤먀오 강아지 유산균 닭가슴살 30g,우프앤먀오_닭가슴살
우프앤먀오,(CAT)우프앤먀오 고양이 유산균 닭가슴살 30g,우프앤먀오_닭가슴살
워프,워프 야생 사슴 동결건조 (50g/280g),워프_사슴
워프,워프 녹색입홍합 동결건조 간식 50g 강아지간식,워프_홍합
워프,워프 초록입홍합 동결건조 간식 50g,워프_홍합
워프,유통기한 24년 7월 워프 에어드라이 치킨 닭고기 750g,워프_치킨_750
워프,워프 독 그린 트라이프 40g,워프_그린_40
워프,워프 동결건조 비프 그린트라이프 40g 강아지간식,워프_비프
워프,워프 그린트라이프 비프 동결건조 간식 40g,워프_비프
워프,워프 그린트라이프 램 동결건조 간식 40g,워프_램
워프,워프 에어드라이드 사슴 허파 베니슨 렁 50g,워프_사슴_허파
워프,워프 에어드라이드 사슴 기도 베니슨트레키아 40g,워프_사슴_기도
워프,워프 염소 와일드고트 동결건조간식 50g,워프_염소_50
워프,워프 염소 동결건조 강아지 간식 50g,워프_염소_50
워프,워프 동결건조 양 그린트라이프 40g 강아지간식,워프_그린_40
워프,워프 램 그린트라이프 동결건조 간식 40g,워프_그린_40
워프,워프 비프 그린트라이프 동결건조 간식 40g,워프_그린_40
워프,워프 와일드고트 야생산양 동결건조 간식 50g,워프_산양_50
워프,먀오 야생산양 동결건조 고양이 간식 50g,워프_산양_50
워프,먀오 비프 그린트라이프 동결건조 고양이 간식 40g,워프_그린_40
위스카스,위스카스팩 참치 80g 12개,위스카스_참치
위스카스,위스카스팩 주니어 참치 80g 12개,위스카스_참치
위스카스,위스카스팩 주니어 고등어 80g 12개,위스카스_고등어
위스카스,위스카스팩 오션피쉬 80g 12개,위스카스_오션피쉬
위스카스,위스카스팩 구운 고등어 80g 12개,위스카스_고등어
위스카스,위스카스팩 고등어와 연어 80g 12개,위스카스_고등어
위스카스,위스카스팩 고등어 80g 12개,위스카스_고등어
위스카스,위스카스팩 오션피쉬 80g x12개,위스카스_오션피쉬
위스카스,위스카스팩 버라이티팩 고등어 오션피쉬 외 80g 12입,위스카스_고등어
위스카스,위스카스 테이스티믹스 닭고기 참치 당근 70g X 24개,위스카스_닭고기참치당근
위스카스,위스카스 팩 주니어 참치 80g 12개,위스카스_참치
위스카스,위스카스 팩 구운 고등어 80g 12개,위스카스_고등어
위스카스,위스카스 테이스티믹스 닭고기와참치참치게맛살 70g x 12개입,위스카스_닭고기참치게맛살
위스카스,위스카스 포켓 오션피쉬 3kg,위스카스_오션피쉬
위스카스,위스카스 포켓 닭고기 3kg,위스카스_닭고기
위스카스,위스카스 헤어볼 닭고기와 참치 3kg,위스카스_닭고기참치
위스카스,위스카스 팩 고등어와 연어 80g 12개,위스카스_고등어연어
위스카스,위스카스 참치 2-12개월 80gX24개 어린 고양이사료,위스카스_참치
위스카스,위스카스 파우치 고등어 80g x 24개 고양이 간식,위스카스_고등어
위스카스,테이스티믹스 씨푸드칵테일 연어와닭고기 70g x 12개입 위스카스,위스카스_연어닭고기
위스카스,테이스티믹스 닭고기와참치참치게맛살 70g x 12개입 위스카스,위스카스_참치게맛살
위주,팩앤프라이드 동결건조 치킨너겟 99g,위주_치킨너겟
위주,팩앤프라이드 동결건조 오리가슴살 99g,위주_오리가슴살
위주,위주트릿 동결 치킨 트릿 20g,위주_치킨
위주,위주트릿 동결 북어 트릿 15g,위주_북어
위주,위주트릿 동결건조 간식 닭가슴살 트릿 20g,위주_닭가슴살_20
위주,위주트릿 동결 열빙어 트릿 15g,위주_열빙어
위주,팩앤프라이드 동결건조 닭가슴살 99g,위주_닭가슴살
위주,위주트릿 동결 연어 트릿 17g,위주_연어
위주,팩앤프라이드 동결건조 오리너겟 99g,위주_오리
위주,PD위주트릿 치킨 연어 북어 열빙어 동결건조 냥이간식 4종세트 고양이 촉촉트릿 보양식,위주_트릿
윌로펫,그대로 담은 동결건조 포크순살 50g,윌로펫_포크순살
윌로펫,그대로 담은 동결건조 연어 30g,윌로펫_연어
윌로펫,그대로 담은 동결건조 닭가슴살 50g,윌로펫_닭가슴살
이나바,이나바 제이타크 퐁츄르 닭가슴살 & 관자 35g x 2p x 3개,이나바_닭+관자
이나바,생선가득 파우치 시니어용 참치가다랑어닭가슴살 3개입 이나바,이나바_참치_가다랑어_닭가슴살
이나바,생선가득 파우치 시니어용 참치가다랑어 3개입 이나바,이나바_참치_가다랑어
이나바,생선가득 파우치 참치가다랑어 3개입 이나바,이나바_참치_가다랑어
이나바,생선가득 파우치 참치가다랑어가다랑어포 3개입 이나바,이나바_참치_가다랑어
이나바,생선가득 파우치 참치가다랑어치어 3개입 이나바,이나바_참치_가다랑어
이나바,생선가득 파우치 참치가다랑어오징어 3개입 이나바,이나바_참치_가다랑어
이나바,생선가득 파우치 참치가다랑어닭가슴살 3개입 이나바,이나바_참치_가다랑어
이나바,이나바 INABA 챠오츄르 닭가슴살해산물 버라이어티 SC-128 20p x 2개,이나바_닭가슴살
이루앙,"이루앙 동결건조간식 닭가슴살 트릿 120g 중용량 북어, 참치, 캥거루, 말고기 바이츠",이루앙_닭가슴살_120
이루앙,"이루앙 강아지 고양이 동결건조간식 닭가슴살 트릿 120g 중용량 북어, 참치, 캥거루, 말고기 바이츠",이루앙_닭가슴살_120
인뮤즈,챱챱 북어트릿 치킨 강아지 고양이 간식 동결건조 닭가슴살,인뮤즈_닭가슴살
인터펫,킷캣 고양이 노묘 동결건조간식 트릿 대구 15g 먹이,인터펫_대구
인터펫,킷캣 고양이 냥이 동결건조간식 트릿 새우 10g 푸드,인터펫_새우
인터펫,한입간식 고양이 동결건조 치킨 15g 1P 큐브 스낵,인터펫_치킨
인터펫,한입간식 고양이 동결건조 오리 15g 1P 큐브 스낵,인터펫_오리
인터펫,고양이 킷캣 동결건조 대구 15g 24P 야옹이 한입 간식,인터펫_대구
인터펫,한입간식 고양이 동결건조 연어 15g 1P 큐브 스낵,인터펫_연어_15
인터펫,킷캣 고양이 영양식 동결건조 간식 새우 24개 애묘,인터펫_새우
인터펫,고양이 킷캣 동결건조 새우 10g 1P 야옹이 한입 간식,인터펫_새우
인터펫,킷캣 고양이 냥이 동결건조 간식 대구 24개 영양식,인터펫_대구
인터펫,한입간식 고양이 동결건조 닭간 20g 1P 큐브 스낵,인터펫_닭간
인터펫,한입간식 고양이 동결건조 거위간 20g 1P 큐브 스낵,인터펫_거위간
인터펫,고양이 킷캣 동결건조 새우 10g 24P 야옹이 한입 간식,인터펫_새우
인터펫,고양이 킷캣 동결건조 대구 15g 1P 야옹이 한입 간식,인터펫_대구
인터펫,강아지 동결건조 연어 70g 1P 고양이 영양 건조 간식,인터펫_연어
인터펫,킷캣 고양이 냥이 동결건조간식 트릿 새우 10g 애묘 교육 고냥이 영양식,인터펫_새우
인터펫,강아지 동결건조 닭고기 100g 1P 고양이 건조 간식,인터펫_닭고기
인터펫,강아지 동결건조 간식 1P 고양이 닭고기 100g 수제 트릿 기호성,인터펫_닭고기
인터펫,고양이 킷캣 간식 야옹이 동결건조 1P 한입 대구 15g,인터펫_대구
인터펫,동결건조 애견 개간식 한우간 트릿 150g 스틱 소형견,인터펫_한우간
정직한간식,정직한간식 소프트 북어트릿 400g,정직한간식_북어
제로랩스,[유통기한 2024.08.15] 꽁꽁가득 강아지고양이 동결건조트릿 오리큐브 70g,제로랩스_오리큐브
제로랩스,[유통기한 2024.08.15]꽁꽁가득 강아지 고양이 동결건조간식 닭단호박 시금치 50g,제로랩스_닭단호박
제로랩스,[유통기한임박 24.08] 제로랩스 꽁꽁가득 강아지 트릿간식 70g,제로랩스_트릿
제로랩스,[유통기한임박 24.06] 제로랩스 동결건조 꽁꽁가득 오리트릿 대용량 강아지간식,제로랩스_오리트릿
제로랩스,(1+1) 꽁꽁가득 큐브 오리 미니 60g 강아지 동결건조 노즈워크 트릿,제로랩스_오리_60
제로랩스,제로랩스 다이어트 베스트샐러드 강아지고양이 동결건조 오리샐러드 70g,제로랩스_오리
제로랩스,[제로랩스] 베스트 샐러드 야채 동결건조 70g,제로랩스_야채
제로랩스,[유통기한 2024.06.18] 꽁꽁가득 강아지 고양이 동결건조간식 대구큐브 60g,제로랩스_대구
제로센치,제로센치 제로트릿 강아지 동결건조간식 트릿 연어 95g,제로센치_연어
제로센치,제로센치 제로트릿 고양이 강아지 동결건조간식 트릿 연어 95g,제로센치_연어
제로센치,제로센치 제로트릿 고양이 강아지 동결건조간식 트릿 북어 75g,제로센치_북어
제로센치,제로센치 제로트릿 고양이 강아지 동결건조간식 닭가슴살 트릿 110g,제로센치_닭가슴살
제로센치,[기한임박특가] 제로센치 대용량 트릿 3종 고양이 강아지 동결건조간식,제로센치_트릿
제이앤씨,강아지 동결건조 북어 트릿 75g 1P 노즈워크 간식,제이앤씨_북어
제이앤씨,강아지 동결건조 연어 트릿 100g 1P 노즈워크 간식,제이앤씨_연어
제이앤씨,강아지 동결건조 치킨 트릿 100g 1P 노즈워크 간식,제이앤씨_치킨
제이앤씨,JNC 신선한 동결건조 닭가슴살 큐브 트릿 (500g),제이앤씨_닭가슴살
제이앤씨,JNC 신선한 대용량 동결건조 닭가슴살 큐브 500g,제이앤씨_닭가슴살
조공,조공 미니트릿 연어 75g 동결건조 고양이트릿 강아지간식,조공_연어_75
조공,조공 미니트릿 산양유 65g 동결건조 고양이트릿 강아지간식,조공_산양유
조공,조공 미니트릿 연어 22g 동결건조 고양이트릿 강아지간식,조공_연어
조공,조공 미니트릿 5종 SET(작은통) 동결건조 고양이트릿 강아지간식,조공_작은통
조공,조공 미니트릿 5종 SET(큰통) 동결건조 고양이트릿 강아지간식,조공_큰통
조공,조공 미니트릿 동결건조 간식 소고기 22g,조공_소고기
주베베,주베베 동결건조 노니 품은 닭 파우치 35g,주베베_닭
주베베,주베베 노니품은 연어 동결건조 촉촉트릿 30g,주베베_연어
진짜육포,진짜육포 12종 [모음],진짜육포_육포
참좋은간식,오리말이 고구마치즈 간식 강아지 100g,참좋은간식_고구마치즈
참좋은간식,참좋은 간식 동결건조 치킨닭가슴살 80g 24.4.17일까지,참좋은간식_치킨
참좋은간식,참좋은 간식 동결건조 오리가슴살 70g 24.4.17일까지,참좋은간식_오리
찹앤찹,찹앤찹 고양이간식 찹찹트릿 황태 70g,찹앤찹_황태
찹앤찹,찹앤찹 동결건조간식 찹찹트릿 열빙어 30g,찹앤찹_열빙어_30
찹앤찹,찹앤찹 동결건조간식 찹찹트릿 연어 50g,찹앤찹_연어_50
찹앤찹,찹앤찹 동결건조간식 찹찹트릿 닭가슴살 160g,찹앤찹_닭가슴살_160
촉촉트릿,촉촉트릿 북어 80g,촉촉트릿_북어_80
촉촉트릿,촉촉트릿 유산균 북어 70g,촉촉트릿_북어_70
촉촉트릿,촉촉트릿 유산균 치킨 70g,촉촉트릿_치킨
촉촉트릿,촉촉트릿 소간 75g,촉촉트릿_소간
촉촉트릿,촉촉트릿 노른자 75g,촉촉트릿_노른자
촉촉트릿,[체험팩] 촉촉트릿 노른자 5g,촉촉트릿_노른자_5
촉촉트릿,강아지 촉촉트릿 15종 [모음],촉촉트릿_15종
촉촉트릿,촉촉트릿 for cat 초미니트릿 닭가슴살 50g,촉촉트릿_닭가슴살_50
촉촉트릿,촉촉트릿 for cat 초미니트릿 북어 45g,촉촉트릿_북어_45
촉촉트릿,촉촉트릿 for cat 초미니트릿 순살연어 50g,촉촉트릿_연어_50
촉촉트릿,고양이 촉촉트릿 24종 [모음],촉촉트릿_24종
촉촉트릿,[체험팩] 촉촉트릿 for cat 5g 6종,촉촉트릿_6종
촉촉트릿,강아지 고양이 동결건조 간식 초미니 촉촉트릿 북어 45g,촉촉트릿_북어_45
촉촉트릿,촉촉트릿 초미니 동결건조 고양이 트릿 북어 120g,촉촉트릿_북어_120
촉촉트릿,[체험팩] 촉촉트릿 체험팩 5g,촉촉트릿_체험
촉촉트릿,촉촉트릿 for cat 닭간 45g,촉촉트릿_닭간
촉촉트릿,촉촉트릿 닭가슴살 스팀만두 160g,촉촉트릿_닭가슴살_160
촉촉트릿,[체험팩] 촉촉트릿 고구마 먹은 열빙어 5g,촉촉트릿_고구마_열빙어
촉촉트릿,[1+1]촉촉트릿 초미니 5mm 한입크기 고양이전용 동결건조 닭가슴살50g+북어45g,촉촉트릿_닭_북어
촉촉트릿,촉촉트릿 대용량 동결건조간식 열빙어 65g(통) 고양이 애견 간식,촉촉트릿_열빙어
촉촉트릿,촉촉트릿 동결건조 노른자 75g,촉촉트릿_노른자
촉촉트릿,촉촉트릿 단호박 먹은 열빙어 55g,촉촉트릿_단호박_열빙어
촉촉트릿,촉촉트릿 고구마 먹은 열빙어 55g,촉촉트릿_고구마_열빙어
촉촉트릿,촉촉트릿 닭가슴살 스팀만두 160g 강아지 고양이 간식,촉촉트릿_닭가슴살_160
촉촉트릿,강아지 촉촉트릿 13종 [모음],촉촉트릿_13종
촉촉트릿,고양이 촉촉트릿 22종 [모음],촉촉트릿_22종
촉촉트릿,촉촉트릿 스팀 만두 닭가슴살 160g,촉촉트릿_닭가슴살_160
촉촉트릿,촉촉트릿 for cat 초미니트릿 연어 (120g),촉촉트릿_연어_120
촉촉트릿,[2+1] 촉촉트릿 연어 100g,촉촉트릿_연어_100
촉촉트릿,[2+1] 촉촉트릿 소프트연어 90g,촉촉트릿_연어_90
카네토라,카네토라 가쓰오부시 40g x 3개,카네토라_가쓰오부시_40
캐츠랑,짜먹는 캐츠랑 참치연어 20입 2개,캐츠랑_참치연어
캐티맨,캐티맨 도미 슬라이스 30g 고양이간식,캐티맨_도미_30
캣만두,캣만두 라이프에센셜 연어 142g (유통기한 2024년 8월) 강아지 고양이 동결건조간식,캣만두_연어_142
캣만두,캣만두 라이프 에센셜 치킨 142g 동결건조,캣만두_치킨_142
캣만두,캣만두 라이프 에센셜 동결건조 치킨 142g,캣만두_치킨_142
캣만두,캣만두 고양이 동결건조 간식 치킨 57g,캣만두_치킨_57
캣만두,캣만두 라이프에센셜 동결건조트릿 치킨 142g,캣만두_치킨_142
캣만두,캣만두 라이프에센셜 치킨 142g,캣만두_치킨_142
캣만두,캣만두 라이프 에센셜 동결건조 치킨 142g 4개 묶음,캣만두_치킨_142
캣만두,캣만두 라이프에센셜 동결건조간식 치킨 454g 대용량,캣만두_치킨_454
캣만두,캣만두 라이프 에센셜 연어 142g,캣만두_연어_142
캣만두,캣만두 라이프 에센셜 연어 56g,캣만두_연어_56
캣만두,캣만두 라이프 에센셜 동결건조 치킨 57g,캣만두_치킨_57
캣만두,캣만두 치킨 142g 4개 (무료배송),캣만두_치킨_142
캣만두,캣만두 라이프 에센셜 치킨 리틀 142g,캣만두_치킨_142
캣만두,캣만두 치킨 142g 1개,캣만두_치킨_142
캣만두,캣만두 스프링클스 치킨 85g,캣만두_치킨_85
컴패니언,강아지 동결건조 닭가슴살 큐브 400g 반려견 간식,컴패니언_닭가슴살_400
컴패니언,어니스트 동결건조간식명태 100g,컴패니언_명태_100
컴패니언,강아지 동결건조 북어 큐브 230g 반려견 건조 간식,컴패니언_북어
컴패니언,어니스트 동결건조 닭가슴살 25g,컴패니언_달가슴살_25
컴패니언,강아지 동결건조 연어 큐브 280g 반려견 건조 간식,컴패니언_연어
컴패니언,강아지 동결건조 명태 큐브 230g 반려견 건조 간식,컴패니언_명태
컴패니언,강아지 동결건조 소간 큐브 450g 반려견 건조 간식,컴패니언_소간
컴패니언,연어 건조 강아지 간식 280g 큐브 동결건조 반려견,컴패니언_연어
컴패니언,강아지 건조 북어 큐브 간식 반려견 230g 동결건조,컴패니언_북어
컴패니언,동결건조 소간 450g 강아지 큐브 건조 간식 반려견,컴패니언_소간
컴패니언,강아지 간식 큐브 230g 동결건조 건조 명태 반려견,컴패니언_명태
컴패니언,닭가슴살 큐브 동결건조 강아지 400g 반려견 간식,컴패니언_닭가슴살_400
케어,케어 강아지 고양이 비건간식 동결건조 고구마,케어_고구마
케이나인내추럴,K9 내추럴 동결건조 간식 초록입홍합 50g,케이나인내추럴_홍합_50
케이나인내추럴,K9 동결건조 트릿 간식 양고기 50g,케이나인내추럴_양_50
케이나인내추럴,K9 내추럴 에어드라이드 양허파 간식 50g 강아지동결간식,케이나인내추럴_양허파_50
케이나인내추럴,K9 내추럴 에어드라이드 소허파 간식 60g 강아지동결간식,케이나인내추럴_소허파_60
케이나인내추럴,K9 내추럴 동결건조간식 비프&내장 헬시바이츠 50g 강아지동결간식,케이나인내추럴_비프_내장
케이나인내추럴,K9 내추럴 동결건조간식 램&내장 헬시 바이츠 50g 강아지동결간식,케이나인내추럴_램_내장
케이나인내추럴,K9 내추럴 강아지 동결건조 간식 부스터 비프 그린 트라이프 250g+천연개껌 1p,케이나인내추럴_비프_250
케이나인내추럴,K9 내추럴 강아지 동결건조 간식 부스터 램 그린 트라이프 200g+천연개껌 1p,케이나인내추럴_램_200
케이나인내추럴,K9 내추럴 강아지 동결건조 간식 부스터 비프 그린 트라이프 75g+천연개껌 1p,케이나인내추럴_비프_75
케이나인내추럴,K9 내추럴 강아지 동결건조 간식 부스터 램 그린 트라이프 57g+천연개껌 1p,케이나인내추럴_램_57
케이나인내추럴,K9 내추럴 고양이 동결건조 간식 부스터 램 그린 트라이프 57g+열빙어 1p,케이나인내추럴_램_57
케이나인내추럴,K9 내추럴 트릿 초록홍합 50g 동결건조 강아지간식,케이나인내추럴_홍합_50
케이나인내추럴,K9 내추럴 트릿 양고기(폐) 50g 동결건조 강아지간식,케이나인내추럴_양폐_50
케이나인내추럴,K9 내추럴 트릿 양고기 50g 동결건조 강아지간식,케이나인내추럴_양_50
케이나인내추럴,K9 내추럴 트릿 소고기(폐) 60g 동결건조 강아지간식,케이나인내추럴_소폐_60
케이나인내추럴,K9 내추럴 트릿 소고기 50g 동결건조 강아지간식,케이나인내추럴_소고기_50
코코브라운,콜라겐함유 반려견간식 육포 트릿 혼합 동결건조사료 반려동물 강쥐 맛좋은간식 고급,코코브라운_육포
코코브라운,칭찬 훈련용 애견 동결건조 간식 오리 황태 트릿 노령견 기호성좋은 강쥐 원기보충,코코브라운_오리황태
코코브라운,근육 골격 발달도움 강아지간식 비프 트릿 동결건조사료 고급 건강한재료 반려동물,코코브라운_비프육포
코코브라운,유산균 함유 강아지간식 동결건조 트릿 세트 애견간식 칭찬 동결건조사료 반려견 고급,코코브라운_육포
코코브라운,근력 향상 애견간식 오리고기 트릿 건강식 반려동물 반려간식 맛있는 건강한 강쥐간식,코코브라운_오리
코코브라운,유산균 함유 애견간식 소고기 오리 트릿 기호성좋은 칭찬 칭찬용 동결건조사료 잘먹는,코코브라운_소고기오리
코코브라운,훈련 칭찬용 반려견간식 황태 트릿 동결건조사료 강쥐 기호성 건강식 애견간식 댕댕이,코코브라운_황태
코코브라운,칭찬 훈련용 애견 동결건조 간식 오리 황태 트릿 맛있는 원기보충 반려동물 강쥐간식,코코브라운_오리황태
코코브라운,유산균 함유 강아지간식 동결건조 트릿 세트 칭찬용 반려동물 댕댕이간식 기호성좋은,코코브라운_육포
코코브라운,뼈 근육 튼튼 강아지간식 비프 육포 트릿 강쥐간식 댕댕이 기호성좋은 건강식 고급,코코브라운_비프육포
코코브라운,애견간식 연어 트릿 반려견 반려동물용품 노령견 기호성탁월 흡수력좋은 댕댕이간식,코코브라운_연어육포
코코브라운,콜라겐함유 반려견간식 육포 트릿 혼합 기호성좋은 동결건조사료 건강한재료 칭찬용,코코브라운_육포
코코브라운,강아지간식 연어 육포 트릿 X5 건강한 고급 건강한재료 소화흡수력좋은 동결건조사료,코코브라운_연어육포
코코브라운,근력 향상 애견간식 오리고기 트릿 고급 흡수력좋은 강쥐 잘먹는 댕댕이 강쥐간식,코코브라운_오리육포
코코브라운,시력강화 도움 댕댕이간식 연어 트릿 기호성 반려견 훈련용 강쥐 반려견간식 원기보충,코코브라운_연어육포
코코브라운,훈련 칭찬용 반려견간식 황태 트릿 건강한 건강한재료 기호성탁월 강쥐 고급 반려동물,코코브라운_황태
코코브라운,도움 강아지간식 비프 연어 트릿 댕댕이간식 강쥐 노령견 기호성 반려동물 맛좋은간식,코코브라운_비프연어
코코브라운,배변활동 도움 강쥐간식 연어 오리 트릿 애견간식 칭찬 훈련용 동결건조사료 건강한,코코브라운_연어오리
코코브라운,칭찬 훈련용 애견 동결건조 간식 오리 황태 트릿 강쥐 동결건조사료 건강한재료 고급,코코브라운_오리황채
코코브라운,고단백 저지방 애견간식 비프 황태 트릿 잘먹는 훈련용 기호성 강쥐간식 반려견 칭찬,코코브라운_비프황태
코코브라운,유산균 함유 강아지간식 동결건조 트릿 세트 반려견 강쥐간식 기호성테스트 맛있는,코코브라운_트릿세트
코코브라운,체내 애견간식 오리 육포 트릿 반려동물용품 펫간식 반려동물 기호성테스트 고급 강쥐,코코브라운_오리육포
코코브라운,뼈 근육 튼튼 강아지간식 비프 육포 트릿 건강한재료 강쥐 소화흡수력좋은 반려간식,코코브라운_비프육포
코코브라운,강아지간식 비프 육포 트릿 X5 건강한 기호성 노령견 맛좋은간식 원기보충 칭찬용,코코브라운_비프육포
코코브라운,강아지간식 연어 육포 트릿 X5 훈련용 흡수력좋은 고급 맛있는 원기보충 건강한재료,코코브라운_연어육포
코코브라운,도움 애견간식 오리 육포 트릿 X5 펫간식 강쥐간식 건강한재료 소화흡수력좋은 맛있는,코코브라운_오리육포
킹콩,킹콩 동결건조 치킨트릿 500g 대용량 강아지 고양이 간식,킹콩_치킨_500
킹콩,고양이 동결건조 트릿 대용량 북어 큐브 반려묘 강아지 간식 500g,킹콩_북어_500
킹콩,고양이 동결건조 트릿 대용량 치킨 큐브 반려묘 강아지 간식 500g,킹콩_치킨_500
킹콩,킹콩 동결건조 북어트릿 350g 대용량 강아지 고양이 간식,킹콩_북어_350
탐사,"탐사 반려동물 동결건조 간식 닭가슴살 240g, 1개",탐사_닭가슴살_240
테비토퍼,테비트릿 동결건조 황금북어 300g / 강아지 동결건조 간식,테비토퍼_북어
테비토퍼,테비 하루5그램 오리5g,테비토퍼_오리_5g
테비토퍼,테비토퍼 테비트릿 점보 몬스터 1kg 동결건조 닭가슴살 강아지/고양이,테비토퍼_점보_1kg
테비토퍼,테비 영양박사 칠면조 500g,테비토퍼_칠면조_500
테비토퍼,테비 영양박사 사슴 500g,테비토퍼_사슴_500
테비토퍼,테비 영양박사 닭고기 500g,테비토퍼_닭고기_500
테비토퍼,테비토퍼 테비트릿 동결건조간식 점보 몬스터 1kg,테비토퍼_점보_1kg
테비토퍼,테비트릿 점보 몬스터 1kg 치킨트릿 동결건조 간식,테비토퍼_점보_1kg
테비토퍼,테비 트릿 고양이 동결건조간식(닭가슴살) 50g,테비토퍼_닭가슴살_50g
테비토퍼,테비토퍼 테비트릿 몬스터 1kg 닭가슴살 동결건조간식,테비토퍼_닭가슴살_1kg
테비토퍼,테비트릿 동결건조 점보 500g / 고양이 동결건조 간식,테비토퍼_점보_500
테비토퍼,테비 트릿 동결건조 닭가슴살 50g 고양이 간식,테비토퍼_닭가슴살_50
테비토퍼,테비토퍼 테비트릿 동결건조 50g 참치 고양이간식,테비토퍼_참치
테비토퍼,테비트릿 동결건조 미니 점보 500g / 고양이 동결건조 간식,테비토퍼_미니점보_500
테비토퍼,테비트릿 점보 몬스터 닭가슴살 1kg 고양이간식 강아지간식 대용량,테비토퍼_점보_1kg
테비토퍼,테비트릿 점보 500g 고양이 동결건조 간식,테비토퍼_점보_500
테비토퍼,테비토퍼 테비트릿 초미니 몬스터 1kg 닭가슴살 동결건조간식,테비토퍼_점보_1kg
테비토퍼,테비트릿 점보 500g 미니 고양이 동결건조 간식,테비토퍼_미니점보_500
테비토퍼,테비토퍼 테비트릿 몬스터 1kg 닭가슴살+캣그라스 동결건조간식,테비토퍼_닭가슴살_1kg
테비토퍼,테비토퍼 테비트릿 몬스터 1kg 닭가슴살+슈퍼바 동결건조간식,테비토퍼_닭가슴살_1kg
테비토퍼,테비트릿 점보 몬스터 캣그라스 1kg 고양이 동결건조 간식,테비토퍼_닭가슴살_1kg
테비토퍼,테비트릿 동결건조 닭가슴살 고양이간식,테비토퍼_닭가슴살
테비토퍼,테비트릿 동결건조 점보 몬스터 치킨트릿 1kg / 고양이 동결건조 간식,테비토퍼_점보_1kg
테비토퍼,테비트릿 점보 몬스터 1kg 치킨파우더 가루 동결건조 간식,테비토퍼_치킨파우더
테비토퍼,테비트릿 황금북어 300g 고양이 동결건조 간식,테비토퍼_북어
테비토퍼,고양이 강아지 간식 닭고기 영양 파우치 22g 1개,테비토퍼_22
테비토퍼,테비토퍼 테비트릿 미니점보 500g 동결건조 닭가슴살,테비토퍼_미니점보_500
테비토퍼,테비토퍼 테비 영양박사 500g 칠면조 동결건조간식,테비토퍼_칠면조_500
테비토퍼,테비토퍼 테비 영양박사 500g 사슴 동결건조간식,테비토퍼_사슴_500
테비토퍼,테비토퍼 테비 영양박사 500g 닭고기 동결건조간식,테비토퍼_닭고기_500
테비토퍼,테비토퍼 테비트릿 황금북어 300g 동결건조간식,테비토퍼_북어
테비토퍼,테비트릿 점보 몬스터 1kg/동결건조간식-황금북어 300g x 2개,테비토퍼_점보_1kg
테비토퍼,테비트릿 점보 몬스터 1kg/동결건조간식-점보 치킨 트릿 500g x 2개,테비토퍼_점보_1kg
테비토퍼,테비 닭고기 영양박사 고양이 동결건조간식 500g,테비토퍼_닭고기_500
테비토퍼,테비트릿 점보 몬스터 1kg 고양이 동결건조 간식,테비토퍼_점보_1kg
테비토퍼,테비토퍼 테비트릿 초미니 점보 500g 닭가슴살 동결건조간식,테비토퍼_미니점보_500
테비토퍼,테비 사슴 영양박사 500g 생사슴 동결건조간식,테비토퍼_사슴_500
테비토퍼,테비 사슴 영양박사 500g,테비토퍼_사슴_500
테비토퍼,[테비토퍼] 테비탑퍼 테비트릿 점보 몬스터 1kg (9종),테비토퍼_점보_1kg
테비토퍼,테비맘마 닭가슴살 20g x 100개,테비토퍼_닭가슴_20
테비토퍼,일묘일닭 22g x 100개,테비토퍼_22
테비토퍼,테비트릿 동결건조 점보 몬스터 1kg 대용량 고양이 간식,테비토퍼_점보_1kg
테비토퍼,테비트릿 동결건조 점보 몬스터 닭가슴살 1kg 고양이간식 강아지간식,테비토퍼_점보_1kg
테비토퍼,태비토퍼 칸타나 동결건조 치킨 큐브300g,테비토퍼_큐브_300
테비토퍼,태비토퍼 칸타나 동결건조 치킨 텐더500g,테비토퍼_텐더_500
테비토퍼,태비토퍼 칸타나 동결건조 치킨 큐브500g,테비토퍼_큐브_500
테비토퍼,테비트릿 점보 몬스터 닭가슴살과 슈퍼바 1kg 고양이간식 강아지간식 대용량,테비토퍼_점보_1kg
테비토퍼,테비트릿 점보 몬스터 치킨파우더 1kg 고양이간식 강아지간식 대용량,테비토퍼_치킨파우더
테비토퍼,테비토퍼 테비트릿 몬스터 1kg 닭가슴살+크랜베리 동결건조간식,테비토퍼_닭가슴살_1kg
테비토퍼,동결건조간식 닭가슴살 5g 5P 하루5그램 애견 반려묘,테비토퍼_닭가슴살_5g
테비토퍼,테비트릿 동결건조 점보 몬스터 닭가슴살과 캣그라스 1kg / 고양이 동결건조 간식,테비토퍼_점보_1kg
테비토퍼,테비토퍼 하루5그램 닭가슴살 5g 동결건조간식,테비토퍼_닭가슴살_5g
테비토퍼,테비트릿 닭가슴살 미니트릿 1kg 고양이 동결건조 간식,테비토퍼_닭가슴살
테비토퍼,테비토퍼 테비트릿 점보 치킨 파우더 1kg,테비토퍼_치킨파우더
테비토퍼,테비토퍼 160토핑 160g 흰살참치와 연어 고양이간식,테비토퍼_흰살_160
테비토퍼,테비 트릿 미니 점보 500g 0.5cm 초미니 키튼 고양이 반려묘 간식,테비토퍼_미니점보_500
테비토퍼,태비토퍼 리첼 닭가슴살 22g x 100개 대용량 닭가슴살,테비토퍼_닭가슴살_22
테비토퍼,테비트릿 황금북어 300g,테비토퍼_북어
테비토퍼,테비트릿 동결건조간식 점보 치킨파우더 1kg,테비토퍼_치킨파우더
테비토퍼,테비트릿 동결건조간식 점보 몬스터 1kg(4종),테비토퍼_치킨_점보
테비토퍼,테비트릿 동결건조간식 미니점보 1kg,테비토퍼_미니점보_500
테비토퍼,테비트릿 점보 닭가슴살 500g/미니점보/영양박사/황 -테비 황금북어 300g,테비토퍼_닭가슴살_500g
테비토퍼,테비트릿 점보 몬스터 1kg/동결건조간식 모음전-사슴 영양박사 500g x 2개,테비토퍼_사슴_500
테비토퍼,테비트릿 점보 몬스터 1kg/동결건조간식 모음전-미니 점보 치킨 트릿 500g x 2개,테비토퍼_치킨트릿
테비토퍼,테비트릿 점보 몬스터 1kg/동결건조간식 모음전-닭고기 영양박사 500g x 2개,테비토퍼_닭고기_500
테비토퍼,테비트릿 점보 몬스터 1kg/동결건조간식 모음전-칠면조 영양박사 500g x 2개,테비토퍼_칠면조
테비토퍼,고양이 강아지 간식 닭고기 영양 파우치 22g 30개,테비토퍼_닭고기_22
테비토퍼,테비 황금북어 300g 동결건조간식,테비토퍼_북어
테비토퍼,테비 영양 박사 동결건조간식 500g 3종,테비토퍼_3종_500
테비토퍼,태비토퍼 테비 딱닭가슴살만 x100개 순수 닭가슴살 고양이간식,테비토퍼_닭가슴살
테비토퍼,태비토퍼 아리 플러스 참치 85g x 48개,테비토퍼_참치_85
테비토퍼,태비토퍼 태비 닭한마리 22g x 30개 닭가슴살,테비토퍼_닭가슴살_22
테비토퍼,태비토퍼 테비 일묘일어 참치맛 20g x 100개,테비토퍼_참치_20
테비토퍼,태비토퍼 테비 일묘일어 연어맛 20g x 100개,테비토퍼_연어_20
테비토퍼,고양이 강아지 간식 닭고기 파우치 22g 30개,테비토퍼_닭고기_22
테비토퍼,테비트릿 점보 몬스터 닭가슴살과 크랜베리 1kg 고양이간식 강아지간식 대용량,테비토퍼_닭가슴살_1kg
테비토퍼,테비토퍼 데비트릿 점보 몬스터 닭가슴살과 캣그라스 1kg 동결건조간식,테비토퍼_닭가슴살_1kg
테비토퍼,테비트릿 황금북어 300g 동결건조 간식,테비토퍼_북어
테비토퍼,테비 영양박사 동결건조500g 사슴/닭/칠면조,테비토퍼_사슴_500
테비토퍼,테비 100%닭가슴살 동결건조1kg,테비토퍼_닭가슴살_1kg
테비토퍼,테비 100%닭가슴살 동결건조 500g,테비토퍼_닭가슴살_500g
테비토퍼,테비 칠면조 영양박사 500g 영양가 높은 고양이 동결건조 간식,테비토퍼_칠면조_500
테비토퍼,테비 사슴 영양박사 500g 영양가 높은 고양이 동결건조 간식,테비토퍼_사슴_500
테비토퍼,테비 닭고기 영양박사 500g 영양가 높은 고양이 동결건조 간식,테비토퍼_닭고기_500
테비토퍼,테비 하루5그램 오리 5g 동결건조 고양이간식,테비토퍼_오리_5g
테비토퍼,테비토퍼 테비트릿 점보 500g 닭가슴살 동결건조간식,테비토퍼_닭가슴살
테비토퍼,Tabby 테비 트릿 미니 점보 500g (닭가슴살),테비토퍼_닭가슴살
테비토퍼,테비트릿 동결건조간식 점보 몬스터 1kg,테비토퍼_닭가슴살
테비토퍼,테비 트릿 동결건조 고양이간식 50g 3종,테비토퍼_3종
테비토퍼,Tabby 테비 트릿 동결건조 황금북어 300g,테비토퍼_북어
테비토퍼,Tabby 테비 트릿 동결건조 황금북어 300g -3개,테비토퍼_북어
테비토퍼,Tabby 테비 트릿 미니 점보 500g (닭가슴살) - 3개,테비토퍼_닭가슴살
테비토퍼,Tabby 테비 트릿 동결건조 황금북어 300g - 3개,테비토퍼_북어
테비토퍼,태비토퍼 로한캔 참치헤어볼 80g x 24개,테비토퍼_참치헤어볼_80
테비토퍼,태비토퍼 테비 녹말없는 순수 닭가슴살 40g x50개 고양이간식,테비토퍼_닭가슴살
테비토퍼,태비토퍼 로한 플러스 참치+헤어볼 85g x 48개,테비토퍼_참치헤어볼_85
테비토퍼,태비토퍼 아리 플러스 참치+헤어볼 85g x 48개,테비토퍼_참치헤어볼_85
텐바이텐,텐바이텐 더에잇 펫전용 동결건조 치킨큐브 5g 고양이간식 개간식,텐바이텐_치킨_5g
텐바이텐,텐바이텐 더에잇 펫전용 동결건조 치킨큐브 50g 고양이간식 개간식,텐바이텐_치킨_50g
템테이션,템테이션 부드러운 우유맛 160g 고양이 간식,템테이션_우유맛
템테이션,템테이션 맛있는 닭고기맛 350g 고양이 간식,템테이션_닭고기
템테이션,고양이간식 이빨 고양이 과자 간식 크런치 부드러운 우유맛,템테이션_우유맛
템테이션,고양이간식 이빨 고양이 과자 간식 영양 크런치 연어맛 85,템테이션_연어
템테이션,템테이션 담백한 연어맛 160g 고양이 간식,템테이션_연어_160
템테이션,고양이 간식 이빨 과자 영양 크런치 연어맛 85g,템테이션_연어
템테이션,고양이 간식 이빨 과자 크런치 부드러운 우유맛 85g,템테이션_우유맛
템테이션,템테이션 해산물맛 2개+부드러운 우유맛 2개,템테이션_해산물+우유
템테이션,템테이션 우유맛 2개+고소한 참치맛 2개,템테이션_우유+참치
템테이션,템테이션 메가팩 믹스 참치 연어 새우 4개,템테이션_참치+연어+새우
템테이션,템테이션 맛있는 닭고기맛 160g 36팩 (1박스),템테이션_닭고기
템테이션,템테이션 담백한 연어맛 160g 3팩,템테이션_연어
템테이션,템테이션 믹스업 치킨 연어와 체다치즈 160g x3팩,템테이션_치킨+연어+치즈
템테이션,템테이션 풍부한 해산물맛 160g 3팩,템테이션_해산물맛
템테이션,템테이션 생선 믹스 160gx3팩,템테이션_생선
템테이션,템테이션 부드러운 우유맛 160g 3팩,템테이션_우유맛
템테이션,템테이션 믹스업 참치 연어와 새우 160g x3팩,템테이션_참치+연어+새우
템테이션,템테이션 고소한 참치맛 160g 3팩,템테이션_참치
템테이션,템테이션 담백한 연어맛 160g 36팩 (1박스),템테이션_연어
템테이션,템테이션 부드러운 우유맛 160g 36팩 (1박스),템테이션_우유맛
템테이션,템테이션 닭고기맛 2개+풍부한 해산물맛 2개,템테이션_닭고기+해산물
템테이션,템테이션 닭고기맛 2개+참치맛 +연어맛,템테이션_닭고기+참치+연어
템테이션,고양이 간식 이빨 과자 크런치 연어맛 85g,템테이션_연어
템테이션,템테이션 닭고기맛 2개+고소한 참치맛 2개,템테이션_닭고기+참치
템테이션,템테이션 메가팩 고소한 참치맛 4개,템테이션_참치
템테이션,템테이션메가팩 4개 세트 고양이간식,템테이션_4세트
템테이션,템테이션 메가팩 맛있는 닭고기맛 4개,템테이션_닭고기
템테이션,생선 믹스 160g 36팩 (1박스) 템테이션,템테이션_생선
토리,고급 우유껌 닭갈비 300g,토리_닭갈비
토리,고급 스틱 오리 300g,토리_오리
토모다찌,토모다찌 오리꼬치 380g 도모다찌 대용량 강아지 간식,토모다찌_오리꼬치
토모다찌,토모다찌 간식 도모다찌 일자슬라이스사사미 380g x 6개,토모다찌_사시미
토모다찌,도모다찌 고구마 사사미 380g x 10개 강아지 간식,토모다찌_고구마
토모다찌,도모다찌 오리꼬치 380g x 5봉 강아지 사사미 간식,토모다찌_오리꼬치
토모다찌,도모다찌 미니 닭갈비 380g x 10개 강아지 사사미 간식,토모다찌_닭갈비
토모다찌,도모다찌 닭갈비 380g x 5봉 강아지 사사미 간식,토모다찌_닭갈비
토모다찌,토모다찌 간식 도모다찌 슬라이스사사미 380g x 12개,토모다찌_사시미
토모다찌,토모다찌 간식 도모다찌 오리고기 380g x 6개,토모다찌_오리고기
토모다찌,도모다찌 고구마 사사미 380g x 5봉 강아지 간식,토모다찌_고구마
토모다찌,토모다찌 일자슬라이스사사미 380g 도모다찌 대용량 강아지 간식,토모다찌_사사미
토모다찌,도모다찌 일자 슬라이스 사사미 380g x 5봉 강아지 간식,토모다찌_사시미
토모다찌,도모다찌 샌드위치 사사미 380g x 5봉 강아지 간식,토모다찌_사시미
토모다찌,도모다찌 슬라이스 사사미 380g x 10개 강아지 간식,토모다찌_사시미
토모다찌,토모다찌 간식 도모다찌 사사미 380g x 12개,토모다찌_사시미
토모다찌,도모다찌 일자 슬라이스 사사미 380g x 10개 강아지 간식,토모다찌_사시미
토모다찌,토모다찌 간식 도모다찌 일자슬라이스사사미 380g x 12개,토모다찌_사시미
토모다찌,토모다찌 간식 도모다찌 치즈닭갈비 380g x 6개,토모다찌_치즈닭갈비
토모다찌,토모다찌 닭꼬치사사미 380g 도모다찌 대용량 강아지 간식,토모다찌_닭꼬치 
토우,토우 훈제연어고구마퍼피12LB 5.44kg +샘플,토우_연어고구마
트러스티푸드,트러스티푸드 가니쉬 동결건조 오크라 25g 강아지 간식 토퍼,트러스티푸드_오크라 
트러스티푸드,트러스티푸드 가니쉬 동결건조 초록입홍합 50g 강아지 간식 토퍼,트러스티푸드_홍합 
트릿테이블 ,5개 단위 한입간식 열빙어스틱 동결건조트릿 40g,트릿테이블 _열빙어
트릿테이블 ,5개 단위 한입간식 치킨트릿 55g,트릿테이블 _치킨
트릿테이블 ,5개 단위 한입간식 멍 스피루리나 동결건조트릿 50g,트릿테이블 _트릿
트릿테이블 ,멍치즈 20g 강아지 전용 치즈2p,트릿테이블 _치즈
파미데이즈,파미데이즈 동결건조큐브 (치킨),파미데이즈_치킨
파미데이즈,파미데이즈 동결건조큐브 (연어),파미데이즈_연어
파미데이즈,파미데이즈 동결건조큐브 (오리),파미데이즈_오리
파미데이즈,파미데이즈 동결건조 고양이 간식 트릿 큐브 (치킨/오리/연어),파미데이즈_치킨연어오리
팬시피스트,팬시피스트 엘레강트 투스카니 참치 85g 24개,팬시피스트_참치
팬시피스트,팬시피스트 인스퍼레이션 치킨 70g 24개입,팬시피스트_치킨
팬시피스트,팬시피스트 인스퍼레이션 비프 70g 24개입,팬시피스트_비프
팬시피스트,팬시피스트 그레이비 러버스 연어 85g 24개,팬시피스트_연어
팬시피스트,팬시피스트 그레이비 러버스 참치와 흰살생선85g 24개,팬시피스트_참치흰살
팬시피스트,팬시피스트 로얄 참치흰살생선과게살 85g x 24개(box),팬시피스트_참치흰살
팬시피스트,팬시피스트 치킨 하트 앤 리버 슬라이스 85g 24개,팬시피스트_치킨하트
팬시피스트,브로스 40g x 16개 참치 멸치 고양이파우치 -,팬시피스트_참치멸치 
팻팜,내꼬야 동결간식 치킨 500g,팻팜_치킨
팻팜,내꼬야 동결간식 오리 450g,팻팜_오리
팻팜,내꼬야 동결간식 치킨 170g,팻팜_치킨
팻팜,내꼬야 동결간식 오리 150g,팻팜_오리
퍼피럽,퍼피럽 강아지 고양이 동결건조간식 열빙어 트릿 65g,퍼피럽_열빙어
퍼피아이,퍼피아이 북어트릿 강아지 간식,퍼피아이_북어
퍼피프랜드,고급 강아지 그대로닭가슴살 간식 300g,퍼피프랜드_닭가슴살
퍼피프랜드,고급 비스켓 간식 치킨 400g,퍼피프랜드_치킨
펄프레쉬,[톰피] 펄프레쉬 정어리 동결건조 간식65g,펄프레쉬_정어리
펄프레쉬,펄프레쉬 말린 정어리 동결건조간식 65g,펄프레쉬_정어리
펄프레쉬,펄프레쉬 호주 통정어리 동결건조간식 65g,펄프레쉬_정어리
펄프레쉬,펄프레쉬 동결건조 통정어리 65g,펄프레쉬_정어리
펄프레쉬,펄프레쉬 동결건조 정어리 트릿 65g,펄프레쉬_정어리
펄프레쉬,펄프레쉬 오스트레일리안 통정어리 동결건조간식 65g,펄프레쉬_정어리
펄프레쉬,펄프레쉬 강아지 동결건조 통정어리 간식,펄프레쉬_정어리
펄프레쉬,펄프레쉬 호주 통 정어리 동결건조 65g (강아지 생선 오메가 피부 털 윤기 간식),펄프레쉬_정어리
페스룸,페스룸 데일리 트릿 닭가슴살 100g,페스룸_닭가슴살
페스룸,페스룸 데일리 트릿 명태 70g,페스룸_명태
페스룸,페스룸 데일리 트릿 말고기 90g,페스룸_말고기_70
페스룸,페스룸 데일리 트릿 가자미 55g,페스룸_가자미_50
페슬러,페슬러 펫프렌즈 동결건조 펫 간식 촉촉트릿 소프트연어 90g 315328,페슬러_연어_90
페슬러,페슬러 제로랩스 강아지 고양이 간식 츄빗 통살 240g (고등어/참치/치킨) 315230,페슬러_고등어
페슬러,[페슬러] 동결건조 간식 촉촉트릿 for cat 초미니트릿 북어 45g X 2개,페슬러_북어
페슬러,촉촉트릿 북어 FOR CAT 고양이간식 45g,페슬러_북어
페슬러,촉촉트릿 초미니트릿 닭가슴살 고양이 동결건조 간식 120g,페슬러_닭가슴살
페슬러,촉촉트릿 초미니트릿 연어 고양이 동결건조 간식 120g,페슬러_연어_120
페피테일,페피테일 참 베타락 락토페린 고양이 영양제 베타글루칸 강아지 동결건조 치킨 트릿 110g,페피테일_치킨
펫502,연안부두 강아지간식 대용량 북어 트릿 동결건조 수제간식 큐브 트릿 5+1,펫502_북어
펫502,연안부두 강아지간식 북어 트릿 동결건조 수제간식 큐브 트릿 5+1,펫502_북어
펫502,연안부두 고양이간식 대용량 북어 트릿 동결건조 수제간식 큐브 트릿 5+1,펫502_북어
펫502,연안부두 고양이간식 특대용량 북어 트릿 동결건조 수제간식 큐브 트릿 3+1,펫502_북어
펫502,[4+1] 연안부두 대용량 북어 트릿 4개+중용량 북어 1개 동결건조 수제간식,펫502_북어
펫502,연안부두 고양이간식 대용량 북어 트릿 동결건조 수제간식 큐브 트릿,펫502_북어
펫502,[8+1] 연안부두 대용량 북어 트릿 8개+대용량 북어 1개 다묘가정 동결건조 간식,펫502_북어
펫502,연안부두 고양이간식 북어 트릿 동결건조 수제간식 큐브 트릿 5+1,펫502_북어
펫502,연안부두 고양이간식 대용량 열빙어트릿 동결건조 수제간식 트릿 5+1,펫502_열빙어
펫502,연안부두 고양이간식 특대용량 북어 트릿 동결건조 수제간식 큐브 트릿,펫502_북어
펫502,연안부두 고양이간식 대용량 열빙어트릿 동결건조 수제간식 트릿,펫502_열빙어
펫502,[10+1] 연안부두 대용량 북어 트릿 10개+높이조절식탁 1개 다묘가정 동결건조 간식,펫502_북어
펫502,연안부두 고양이간식 북어 트릿 동결건조 수제간식 큐브 트릿,펫502_북어
펫502,[3+1] 연안부두 고양이간식 특대용량 북어 트릿 4개+대용량 북어 1개 동결건조 간식,펫502_북어
펫502,연안부두 고양이간식 대용량 닭가슴살 트릿 동결건조 수제간식 큐브 트릿,펫502_닭가슴살
펫502,연안부두 동결건조 북어트릿 특대용량 300g+300g,펫502_북어
펫502,[3+1] 연안부두 고양이간식 특대용량 북어트릿 3개+대용량 북어 1개 동결간식,펫502_북어
펫내추럴,[펫내추럴] 칸타나 동결건조 치킨큐브 300g,펫내추럴_치킨큐브
펫더맨,동결건조 간식 치킨가슴살 큐브 80g 1P 훈련 보상,펫더맨_치킨큐브
펫더맨,동결건조 간식 오리가슴살 큐브 70g 1P 훈련 보상,펫더맨_오리
펫더맨,고급 간식 연어 100g 당근 큐브 치킨,펫더맨_연어_당금
펫더맨,고급 연어 브로콜리 100g 간식 치킨 큐브,펫더맨_연어_브로콜리
펫더맨,펫더맨 더캣츠 미니리얼 스프 40g 20개입 혼합 고양이간식,펫더맨_혼합
펫더맨,펫더맨 더캣츠 미니푸딩 고양이간식 참치연어 12p x4개,펫더맨_참치연어
펫더맨,펫더맨 더캣츠 미니푸딩 고양이간식 참치게살 12p x4개,펫더맨_참치게살
펫더맨,고양이 동결건조 치킨 가슴살 80g 1P 강아지 간식,펫더맨_닭가슴_80g
펫더맨,펫더맨 리얼 치킨고구마사사미 300g x 6개,펫더맨_치킨고구마
펫더맨,펫더맨 리얼 치킨고구마사사미 300g x 12개,펫더맨_치킨고구마
펫더맨,펫더맨 리얼 닭갈비 300g x 6개,펫더맨_닭갈비
펫더맨,펫더맨 리얼 통닭가슴살 300g x 6개,펫더맨_닭가슴
펫더맨,중소형견이 좋아하는 무방부제 참좋은간식80g 소울대&참치 REAL 100%,펫더맨_참치
펫더맨,퍼피프렌드 오리고기 꽈배기 400g 애견간식 영양간식,펫더맨_오리고기
펫더맨,더캣츠 쿠키 고양이 과자 간식 꽁냥꽁냥 게살 다랑어맛 100g 펫더맨,펫더맨_게살_다랑어
펫더맨,더캣츠 고양이 간식 생선 미니소세지 게맛살 12p 펫더맨,펫더맨_게맛살
펫더맨,더캣츠 고양이 간식 생선 미니소세지 연어 12p 펫더맨,펫더맨_연어
펫더맨,더캣츠 고양이 간식 생선 미니소세지 대구살 12p 펫더맨,펫더맨_대구살
펫더맨,더캣츠 쿠키 고양이 간식 꽁냥꽁냥 100g 4종콤보 펫더맨,펫더맨_쿠키
펫데이즈,고양이 동결건조 닭고기 애호박 95g 1P 통간식 트릿,펫데이즈_닭고기_호박
펫데이즈,고양이 동결건조 닭간 120g 1P 영양 통간식 트릿,펫데이즈_닭간
펫데이즈,고양이 동결건조 호박 70g 1P 강아지 트릿 훈련 간식,펫데이즈_호박_40
펫데이즈,고양이 동결건조 닭고기 90g 1P 강아지 트릿 간식,펫데이즈_닭고기
펫데이즈,고양이 동결건조 닭고기 애호박 95g 1P 통간식 트릿 고양이동결건조간식,펫데이즈_닭고기_호박
펫데이즈,고양이 동결건조 닭간 120g 1P 통간식 트릿,펫데이즈_닭간
펫데이즈,고양이간식 닭고기 동결건조 애호박 고양이 95g 1P 통간식,펫데이즈_닭고기_호박
펫데이즈,고양이 동결건조 닭심장 70g 1P 강아지 트릿 간식,펫데이즈_닭심장_70g
펫데이즈,펫데이즈 고양이 동결건조 닭간 120g 1P 영양 통간식 트릿,펫데이즈_닭간
펫데이즈,애호박 닭고기 트릿 동결건조 통간식 고양이,펫데이즈_닭고기
펫데이즈,통간식 고양이 동결건조 트릿 닭간 영양,펫데이즈_닭간 
펫둥이,펫둥이 동결건조 고양이 강아지 간식 3가지맛 닭고기 오리 대구 180g,펫둥이_대구_180
펫라이프,펫전용 동결건조 치킨큐브 300g 고양이간식 개간식,펫라이프_치킨_300
펫라이프,펫전용 동결건조 치킨큐브 500g 고양이간식 개간식,펫라이프_치킨_500
펫라이프,펫전용 동결건조 치킨큐브 5g 고양이간식 개간식,펫라이프_치킨_5
펫라이프,칸타나 동결건조 치킨 큐브 1kg,펫라이프_치킨_1
펫라이프,아침애 간식 100% 국내산 연어버거 100g Pet 강아지용,펫라이프_연어_100
펫라이프,고양이간식 동결건조 치킨 큐브 300G,펫라이프_치킨_300
펫라이프,[간식선택]칸타나 동결건조 간식 큐브 텐더 5g 강아지고양이겸용간식,펫라이프_치킨_5
펫라이프,칸타나 동결건조 간식 큐브 텐더 50g,펫라이프_치킨_50
펫라이프,펫라이프 칸타나 동결건조 치킨큐브 5g(맛보기),펫라이프_치킨_5
펫라이프,칸타나 동결건조 치킨 큐브 텐더 300g,펫라이프_치킨_300
펫라이프,[펫라이프] 펫라이프 칸타나 동결건조 치킨큐브 1kg 강아지고양이겸용간식(),펫라이프_치킨_1
펫라이프,칸타나 동결건조 치킨큐브 300g 고양이 간식 져키 캣 Bellos,펫라이프_치킨_300
펫라이프,[펫라이프] 펫라이프 칸타나 동결건조 치킨텐더 50g,펫라이프_치킨_50
펫라이프,[펫라이프] 펫라이프 칸타나 동결건조 치킨큐브 1kg,펫라이프_치킨_1
펫라이프,[펫라이프] 펫라이프 칸타나 동결건조 치킨큐브 50g,펫라이프_치킨_50
펫라이프,[펫라이프] 펫라이프 칸타나 동결건조 치킨큐브 5g(맛보기),펫라이프_치킨_5
펫라이프,[펫라이프] 펫라이프 칸타나 동결건조 치킨텐더 300g,펫라이프_치킨_300
펫라이프,[펫라이프] 펫라이프 칸타나 동결건조 치킨큐브 500g,펫라이프_치킨_500
펫라이프,[펫라이프] 펫라이프 칸타나 동결건조 치킨큐브 300g,펫라이프_치킨_300
펫라이프,펫라이프 칸타나 동결건조 치킨텐더 50g,펫라이프_치킨_50
펫라이프,펫라이프 칸타나 동결건조 치킨큐브 1kg 강아지고양이겸용간식,펫라이프_치킨_1
펫라이프,펫라이프 칸타나 동결건조 치킨큐브 300g,펫라이프_치킨_300
펫라이프,펫라이프 칸타나 동결건조 치킨텐더 300g,펫라이프_치킨_300
펫라이프,칸타나 동결건조 치킨큐브 1kg+ 맛보기5g2개,펫라이프_치킨_1
펫라이프,칸타나 동결건조 치킨 큐브 텐더 50g,펫라이프_치킨_50
펫라이프,칸타나 동결건조 치킨 텐더 300g,펫라이프_치킨_300
펫라이프,칸타나 동결건조 치킨 큐브 300g,펫라이프_치킨_300
펫라이프,칸타나 동결건조 치킨 큐브 텐더 50g 300g,펫라이프_치킨_50
펫라이프,펫라이프 칸타나 동결건조 치킨큐브 1kg,펫라이프_치킨_1
펫라이프,펫라이프 칸타나 동결건조 치킨큐브 50g,펫라이프_치킨_50
펫라이프,칸타나 동결건조 간식 큐브 텐더 300g,펫라이프_치킨_300
펫라이프,칸타나 동결건조 간식 치킨큐브 50g 고양이간식(),펫라이프_치킨_50
펫라이프,펫라이프 칸타나 동결건조 50g 치킨큐브,펫라이프_치킨_50
펫라이프,펫라이프 칸타나 동결건조 500g 치킨텐더,펫라이프_치킨_500
펫라이프,펫라이프 칸타나 동결건조 300g 치킨텐더,펫라이프_치킨_300
펫라이프,펫라이프 칸타나 동결건조 50g 치킨텐더,펫라이프_치킨_50
펫라이프,펫전용 동결건조 치킨텐더 50g 고양이간식 개간식,펫라이프_치킨_50
펫라이프,펫라이프 칸타나 동결건조 치킨큐브 500g +덤,펫라이프_치킨_500
펫라이프,[펫라이프] 칸타나 동결건조 치킨큐브 대용량 500g+덤,펫라이프_치킨_500
펫라이프,[펫라이프] 칸타나 동결건조 치킨 큐브/텐더 300g,펫라이프_치킨_300
펫라이프,[펫라이프] 칸타나 동결건조 치킨 큐브 50g,펫라이프_치킨_50
펫라이프,[펫라이프] 칸타나 동결건조 치킨 텐더 50g,펫라이프_치킨_50
펫라이프,칸타나 동결건조 치킨큐브 500g+맛보기5g,펫라이프_치킨_500
펫라이프,펫라이프 칸타나 동결건조 치킨큐브 2kg(1kgx2개) 강아지고양이겸용간식,펫라이프_치킨_1
펫라이프,펫라이프 칸타나 동결건조 5g 치킨큐브,펫라이프_치킨_5
펫라이프,펫라이프 치킨큐브 칸타나 300g 동결건조,펫라이프_치킨_300
펫라이프,펫전용 동결건조 치킨큐브 50g 고양이간식 개간식,펫라이프_치킨_50
펫라이프,펫라이프 칸타나 동결건조 치킨큐브 5g 반려동물 펫 간식,펫라이프_치킨_5
펫라이프,고양이간식 동결건조 치킨 텐더 300G 외출,펫라이프_치킨_300
펫라이프,애견 고양이간식 동결건조 치킨 큐브 300G,펫라이프_치킨_300
펫라이프,하우스 고양이간식 동결건조 치킨 텐더 300G,펫라이프_치킨_300
펫레터,펫레터 바삭트릿 동결건조 강아지 북어 80g,펫레터_북어
펫모닝,가쓰오부시 40g(KK-A40),펫모닝_가다랑어
펫모닝,고양이용품 40g(KK-A40) 가쓰오부시,펫모닝_가다랑어
펫모닝,고양이간식 40g(KK-A40) 가쓰오부시,펫모닝_가다랑어
펫모닝,카네토라 순살 가다랑어 컷 (IK C) 6개 펫모닝,펫모닝_가다랑어
펫생각,펫생각 한입쏙쏙 쪼꼬미 미니트릿 강아지 동결건조 간식 대용량 명태 북어 트릿 900알,펫생각_북어
펫생각,펫생각 한입쏙쏙 쪼꼬미 미니트릿 강아지 동결건조 간식 대용량 닭가슴살 치킨 트릿 800알,펫생각_치킨
펫생각,펫생각 한입쏙쏙 동결건조 간식 북어트릿 (약 900알),펫생각_북어
펫생각,펫생각 한입쏙쏙 동결건조 간식 치킨트릿 (약 800알),펫생각_치킨
펫생각,펫생각 데일리케얼 고양이 유산균+북어트릿 세트,펫생각_북어
펫쉴드,[펫쉴드] 동결건조 트릿 강아지 고양이 간식 7종 대용량 100% 국내제조,펫쉴드_7종
펫스토리,돼지 콜라겐 슬라이스 강아지간식 애견개껌 훈련 400g,펫스토리_개껌_400
펫스토리,돼지 콜라겐포 훈련용간식 애견개껌 애완견간식 400g,펫스토리_개껌_400
펫스토리,펫스토리 반려견 도그 애완견 수제 닭꼬치 사료 90g,펫스토리_닭꼬치_90
펫스토리,펫스토리 반려견 도그 애완견 수제 오리꼬치 사료 90g,펫스토리_오리_90
펫스토리,펫스토리 반려견 도그 애완견 수제 연어 사료 90g,펫스토리_연어_90
펫시밀,펫시밀 강아지 동결건조 간식 강아지 북어트릿(75g),펫시밀_북어_75
펫시밀,펫시밀 강아지 칼슘 듬뿍 동결건조 간식 열빙어 트릿 20g,펫시밀_열빙어_20
펫시밀,펫시밀 북어트릿 120g 강아지 고양이 다이어트 간식 동결건조 저염분,펫시밀_북어_120
펫시밀,펫시밀 강아지 오메가3 피부건강 간식 동결건조 연어 트릿 75g,펫시밀_연어_75
펫시밀,펫시밀 강아지 칼슘 듬뿍 동결건조 간식 열빙어 트릿 40g(20gX2개),펫시밀_열빙어_20
펫시밀,펫시밀 강아지 동결건조 간식 북어트릿(75g),펫시밀_북어_75
펫시밀,펫시밀 강아지 고단백 저지방 닭가슴살 간식 동결건조 치킨 트릿 50g,펫시밀_닭가슴살_50
펫시밀,펫시밀 원물 그대로 담은 닭가슴살 동결건조 치킨 텐더 트릿 20g,펫시밀_닭가슴살_20
펫시밀,펫시밀 강아지 칼슘 듬뿍 동결건조 간식 열빙어 트릿 70g,펫시밀_열빙어_70
펫시밀,펫시밀 강아지 첨가물 없이 건강한 간식 동결건조 북어 트릿 75g,펫시밀_북어_75
펫시밀,펫시밀 용대리 무염 황태채 동결건조 간식 60g,펫시밀_황태_60
펫시밀,펫시밀 북어트릿 강아지 고양이 동결건조 간식 120g,펫시밀_북어_120
펫시밀,펫시밀 열빙어트릿 강아지 고양이 동결건조 간식 20g,펫시밀_열빙어_20
펫시밀,펫시밀 치킨텐더 강아지 고양이 동결건조 간식 100g,펫시밀_치킨_100
펫시밀,펫시밀 연어트릿 강아지 고양이 동결건조 간식 120g,펫시밀_연어_120
펫시밀,펫시밀 강아지 칼슘 듬뿍 동결건조 간식 열빙어 트릿 300g,펫시밀_열빙어_300
펫시밀,펫시밀 열빙어 트릿 동결건조 간식 20g (100% 열빙어),펫시밀_열빙어_20
펫시밀,펫시밀 용대리 무염 황태채 동결건조 간식 100g,펫시밀_황태_100
펫시밀,펫시밀 치킨트릿 강아지 고양이 동결건조 간식 100g,펫시밀_치킨_100
펫시밀,펫시밀 북어트릿 120g,펫시밀_북어_120
펫시밀,펫시밀 저염분 북어트릿 120g 강아지 고양이 다이어트 간식 동결건조,펫시밀_북어_120
펫시밀,펫시밀 열빙어 70g (강아지 고양이 동결건조 천연 생선 간식),펫시밀_열빙어_70
펫시밀,펫시밀 동결건조 북어트릿 5g 10봉 강아지 고양이 간식,펫시밀_북어_5
펫시밀,펫시밀 동결건조 연어트릿 5g 10봉 강아지 고양이 간식,펫시밀_연어_5
펫시밀,펫시밀 동결건조 치킨트릿 5g 10봉 강아지 고양이 간식,펫시밀_치킨_5
펫시밀,펫시밀 고양이열빙어 트릿 간식 동결건조 무첨가 70g,펫시밀_열빙어_70
펫시밀,펫시밀 고양이열빙어 트릿 간식 동결건조 100g,펫시밀_열빙어_100
펫시밀,펫시밀 고양이열빙어 트릿 간식 동결건조 무첨가 300g,펫시밀_열빙어_300
펫시밀,펫시밀 치킨트릿100g 동결건조 강아지 고양이 간식,펫시밀_치킨_100
펫시밀,펫시밀 북어트릿 120g 동결건조 강아지 고양이 간식,펫시밀_북어_120
펫시밀,펫시밀 강아지 오메가3 피부건강 간식 동결건조 연어 트릿 40g,펫시밀_연어_40
펫시밀,펫시밀 열빙어트릿 70g 동결건조 강아지 고양이 간식,펫시밀_열빙어_70
펫츠그린,"펫츠그린 펌킨베지 채소트릿 영양간식 25g (단호박, 완두콩, 당근, 양배추)",펫츠그린_그린_25
펫츠그린,펫츠그린 동결건조간식 스윗그린 25g,펫츠그린_그린_25
펫츠그린,펫츠그린 동결건조간식 열빙어 10마리,펫츠그린_열빙어
펫츠그린,펫츠그린 동결건조 초록입홍합 스프 55g,펫츠그린_홍합_55
펫츠그린,펫츠그린 동결건조 황태 스프 55g,펫츠그린_황태_55
펫츠그린,펫츠그린 동결건조 트릿 마이그린 20g (명태살+매생이+밀싹+완두콩),펫츠그린_그린_20
펫츠그린,펫츠그린 스윗그린 (동결건조 과일채소) 25g,펫츠그린_그린_25
펫츠그린,펫츠그린 동결건조 트릿 마이옐로우 35g (포크+단호박+파프리카+강황),펫츠그린_옐로우_35
펫츠플레이트,펫츠플레이트 동결건조간식 북어트릿 200g / 미니,펫츠플레이트_북어_200
펫츠플레이트,펫츠플레이트 동결건조간식 북어트릿 80g / 미니트릿,펫츠플레이트_북어_80
펫턴,펫턴 트릿 고양이 동결건조 간식 북어 치킨 참치 열빙어 황태채 외 9종 대용량 큐브,펫턴_9종
펫턴,펫턴 트릿 고양이 동결건조 간식 북어큐브 외 9종 대용량 큐브,펫턴_9종
펫토리,노견 눈물억제 짜먹는 프리미엄 소고기츄 20p2봉 반려견간식 애견 간식,펫토리_소고기
펫토리,임신 수유견 노견 영양 활력증진 퓨레 치킨츄르 20p2봉 건강한간식 펫,펫토리_치킨
펫토리,새끼강아지 피모건강 짜먹는 연어츄르 20p2봉 꿀맛 애견 수제간식 간식,펫토리_연어
펫토리,아픈견 3개월강아지 섞어주는 양고기 퓨레 간식 츄4p 4봉 최애간식 애견,펫토리_양고기
펫토리,노견 4개월강아지 고단백 저지방 눈건강 소고기츄 4p5봉 애견 건강간식,펫토리_소고기
펫토리,새끼강아지 수분보충 고단백 한포 연어퓨레 츄 4p 4봉 펫 꿀맛간식 간식,펫토리_연어
펫토리,노견간식 영양보충 짜먹는 고단백 습식 치킨 퓨레4p 5봉 영양덩어리 펫,펫토리_치킨
펫토리,강아지 훈련 교육 안성맞춤 소프트한 닭고기 연어 간식 4봉 영양보충 펫,펫토리_닭고기연어
펫토리아,펫토리아 한입뚝딱 동결건조 강아지간식 3종,펫토리아_3종
펫토리아,한입뚝딱 북어트릿 동결건조 고양이간식 120gx2개,펫토리아_북어_120
펫토리아,펫토리아 [펫토리아] 한입뚝딱 동결건조 고양이간식 3종,펫토리아_3종
펫토리아,펫토리아 한입뚝딱 동결건조 고양이간식 3종,펫토리아_3종
펫토리아,한입뚝딱 동결건조 고양이간식 3종,펫토리아_3종
펫팀,펫팀 동결건조 닭가슴살 130g 강아지 고양이 닭가슴살 트릿 간식 북어 열빙어 연어,펫팀_닭가슴살_130
펫푸드궁,펫푸드궁 강아지 고양이 동결건조간식 연어통살 트릿 160g,펫푸드궁_연어_160
펫푸드궁,펫푸드궁 강아지 고양이 닭안심 동결건조간식 딸기,펫푸드궁_닭안심
펫푸드궁,펫푸드궁 빵빵한 북어 트릿 100g 강아지 고양이 동결건조간식,펫푸드궁_북어_100
펫푸드궁,궁 연어 트릿 500g 트레이닝 타임,펫푸드궁_연어_500
펫푸드궁,궁 오리 트릿 500g 트레이닝 타임,펫푸드궁_오리_500
펫푸드궁,펫푸드궁 강아지 고양이 노른자 트릿 동결건조간식 50g,펫푸드궁_노른자_50
펫프렌즈,[무배] 펫프렌즈 촉촉트릿 동결건조 간식 시리즈 - 북어 80g,펫프렌즈_북어_80
펫프렌즈,촉촉트릿 닭가슴살 동결건조 간식 160g,펫프렌즈_닭가슴살_160
펫프렌즈,촉촉트릿 북어 동결건조 간식 120g,펫프렌즈_북어_120
펫프렌즈,촉촉트릿 열빙어 고양이 강아지 동결건조 간식 65g,펫프렌즈_열빙어_65
펫프렌즈,촉촉트릿 초미니 닭가슴살 동결건조 간식 50g,펫프렌즈_닭가슴살_50
펫프렌즈,[1+1]촉촉트릿 초미니 5mm 한입크기 고양이전용 동결건조 연어 50g+북어45g,펫프렌즈_연어북어_50
펫프렌즈,[1+1]촉촉트릿 대용량팩 초미니 5mm 한입크기 동결건조 연어 120g+북어 120g,펫프렌즈_연어북어_120
펫프렌즈,촉촉트릿 연어 동결건조 간식 120g,펫프렌즈_연어_120
펫프렌즈,촉촉트릿 닭가슴살 스팀만두 160g 강아지 고양이 간식,펫프렌즈_닭가슴살_160
펫프리카,펫프리카 동결건조 소간 트릿 100g(중용량),펫프리카_소간_100
펫프리카,펫프리카 동결건조 강아지 고양이 열빙어 트릿 50g,펫프리카_열빙어_50
펫프리카,펫프리카 국내산 동결건조 메가 치킨 트릿 대용량 320g 고양이 강아지 간식,펫프리카_치킨_320
펫프리카,펫프리카 중용량 소간 100g 강아지 고양이 동결건조 수제간식,펫프리카_소간_100
펫프리카,펫프리카 중용량 소간트릿 100g 강아지 고양이 동결건제간식,펫프리카_소간_100
펫프리카,펫프리카 동결건조 메가 소프트 북어 트릿 대용량 440g 고양이 강아지 간식,펫프리카_북어_440
펫프리카,펫프리카 국내산 동결건조 메가 치킨 트릿 대용량 640g 고양이 강아지 간식,펫프리카_치킨_640
펫프리카,펫프리카 동결건조 강아지 고양이 열빙어 트릿 250g (50g x 5팩),펫프리카_열빙어_250
펫프리카,펫프리카 강아지 고양이 간식 동결건조 캣-티니 미니트릿 치킨 210g,펫프리카_치킨_210
펫프리카,펫프리카 강아지 고양이 간식 동결건조 캣-티니 미니트릿 북어 150g,펫프리카_북어_150
펫프리카,펫프리카 북어트릿 120g,펫프리카_북어_120
펫프리카,강아지 고양이 간식 대용량 북어+야채 160g,펫프리카_북어_야채_160
펫후,펫후 원물그대로 동결건조 닭가슴살 트릿 160g & 닭간트릿160g 세트,펫후_닭트릿세트
포사,동결건조 치킨 텐더 50g 고양이간식 반려묘 영양 펫푸드,포사_치킨_50
포사,트릿 동결건조 50g 오리 펫푸드 길고양이 영양 간식 반려묘,포사_오리_50
포사,동결건조간식 치킨 큐브 300g 길고양이 영양식,포사_치킨_300
포사,네츄럴 캣닙 100g 고양이 풀 캣그라스 스트레스완화,포사_캣닙_100
포사,길고양이 이빨 과자 50g 치킨 구강관리 헤어볼 감소 닭고기 고양이간식,포사_치킨_50
포펫,포펫 동결건조 소간트릿 150g,포펫_소간_150
포펫,포펫 치킨트릿 120g 동결건조 강아지 고양이 간식,포펫_치킨_120
풉,풉 동결건조 치킨트릿 300g 닭가슴살 고양이간식,풉_치킨_300
풉,풉 동결건조 치킨트릿 300g 강아지 고양이 간식,풉_치킨_300
풉,풉 프리미엄 동결건조 영양 치킨 트릿 300g 대용량팩,풉_치킨_300
퓨리나,퓨리나 팬시피스트 인스퍼레이션 흰살생선 24개입,퓨리나_흰살생선
퓨리나,퓨리나 팬시피스트 인스퍼레이션 연어 24개입,퓨리나_연어
퓨리나,퓨리나 팬시피스트 그레이비러버스 치킨 85g 24개,퓨리나_치킨_85
퓨리나,퓨리나 팬시피스트 로얄 참치젤리소스 85g x 24개(box),퓨리나_참치_85
퓨리나,퓨리나 팬시피스트 엘레강트 투스카니 칠면조 85g 24개,퓨리나_칠면조_85
퓨리나,퓨리나 프리스키 파티믹스 믹스그릴 고양이간식 60g x10개,퓨리나_믹스_60
퓨리나,퓨리나 브로스 참치 멸치 흰살생선 in진한 생선 육수 40g 8개,퓨리나_참치멸치_40
퓨리나,퓨리나 파티믹스 네츄럴 참치 고양이간식 60g,퓨리나_참치_60
퓨리나,퓨리나 브로스 순살닭고기 고구마와 당근 in진한고기육수 8개,퓨리나_닭고기_고구마
퓨리나,퓨리나 팬시 인스퍼레이션 닭고기 파스타 시금치 70G 12팩,퓨리나_닭고기_70g
퓨리나,파티믹스 네츄럴 연어 고양이간식 60g 퓨리나,퓨리나_연어_60
퓨리나,프리스키 파티믹스 치즈크레이지 고양이간식 60g x1개 퓨리나,퓨리나_치즈_60
퓨리나,프리스키 파티믹스 치킨 그레이비 고양이간식60g x1개 퓨리나,퓨리나_치킨_60
퓨리나,프리스키 파티믹스 피크닉 고양이간식 60g x1개 퓨리나,퓨리나_믹스_60
퓨리나,프리스키 파티믹스 믹스그릴 고양이간식 60g x1개 퓨리나,퓨리나_믹스_60
퓨어네이처,퓨어네이쳐 동결건조 큐브 강아지 고양이 간식 닭가슴살 65g,퓨어네이처_닭가슴살_65
퓨어네이처,퓨어네이쳐 동결건조 오징어 55g 고양이간식,퓨어네이처_오징어_55
퓨어네이처,퓨어네이쳐 동결건조 강아지 고양이간식 닭가슴살 큐브트릿 65g,퓨어네이처_닭가슴살_65
퓨어네이처,퓨어네이쳐 동결오징어큐브 55g 강아지 고양이 동결건조간식,퓨어네이처_오징어_55
퓨어네이처,퓨어네이쳐 동결말고기큐브 70g 강아지 고양이 동결건조간식,퓨어네이처_말고기_70
퓨어네이처,퓨어네이쳐 동결연어큐브 50g 강아지 고양이 동결건조간식,퓨어네이처_연어_50
퓨어네이처,퓨어네이쳐 동결북어큐브 40g 강아지 고양이 동결건조간식,퓨어네이처_북어_40
퓨어네이처,퓨어네이쳐 오징어 55g 동결건조간식,퓨어네이처_오징어_55
퓨어네이처,퓨어네이쳐 동결건조 간식 연어 큐브 50g,퓨어네이처_연어_50
퓨어네이처,퓨어네이쳐 동결건조 간식 북어 큐브 40g,퓨어네이처_북어_40
퓨어네이처,퓨어네이쳐 동결건조 큐브 말고기 70g,퓨어네이처_말고기_70
퓨어네이처,[24.05.17]퓨어네이쳐 동결건조 큐브 말고기 70g,퓨어네이처_말고기_70
프론티어,프론티어 비프 트라이프 140g 동결건조 강아지 간식,프론티어_비프_140
프론티어,프론티어 비프 트라이프 70g 동결건조 강아지 간식,프론티어_비프_70
프론티어,프론티어 비프 트라이프 70g,프론티어_비프_70
프론티어,[톰피] 프론티어 비프 그린트라이프 140g,프론티어_그린_140
프리스키,프리스키 고양이스낵 파티믹스 비치사이드 60G 5팩 315330,프리스키_파티믹스
피쉬포독,피쉬포독 피쉬 랩 애플 100g,피쉬포독_애플
피어,피어 올가트릿 동결건조 닭가슴살 55g 국내산 수제간식,피어_닭가슴살_55
피어,피어 강아지 고양이 동결건조 무항생제 국내산 간식 닭가슴살 치킨 큐브형 트릿 55g,피어_닭가슴살_55
핏펫,핏펫 소프트릿 동결건조 간식 BEST 3종(북어/치킨/연어),핏펫_3종
핏펫,[1+1][핏펫] 강아지 보양식 소프트릿 특식블럭 장어곰탕 30g+30g,핏펫_장어곰탕_30
하림,하림 더리얼 동결건조 트릿 4종 (닭가슴살/닭간/연어/북어),하림_트릿4종
하림,하림 더리얼 동결건조 트릿 3종 (닭가슴살/닭간/북어),하림_트릿3종
하림펫푸드,더리얼 동결건조 닭가슴살 트릿 40g,하림펫푸드_닭가슴살_40
한국야쿠르트,한국야쿠르트 펫쿠르트 영양트릿 북어 2+1,한국야쿠르트_북어 
한국야쿠르트,한국야쿠르트 펫쿠르트 영양트릿 치킨 2+1,한국야쿠르트_치킨 
한입뚝딱,한입뚝딱 동결건조 북어트릿 120g - 펫토리아 한입뚝딱 강아지 대용량 소용량 애견 간식,한입뚝딱_북어_120
한입뚝딱,한입뚝딱 동결건조간식 북어트릿 120g,한입뚝딱_북어_120
한입뚝딱,한입뚝딱 동결건조간식 치킨트릿 160g,한입뚝딱_치킨_160
한입뚝딱,한입뚝딱 동결건조간식 연어트릿 150g,한입뚝딱_연어_150
한입뚝딱,[정기구독] 한입뚝딱 고양이간식 동결건조 치킨트릿 160g,한입뚝딱_치킨_160
한입뚝딱,한입뚝딱 동결건조간식 치킨트릿 160g x2개,한입뚝딱_치킨_160
해피팡팡,동결건조 닭가슴살 50g 트릿 (첨가물x),해피팡팡_닭가슴살_50
허글,허글 1+1 에프디바이츠 동결건조간식 대용량 5종 강아지 고양이 트릿,허글_대용량
허글,허글 1+1 에프디바이츠 동결건조간식 보틀 12종 강아지 고양이 트릿,허글_보틀
헬로도기,참좋은간식 소울대20g 닭고기,헬로도기_닭고기_20
호랑이,호랑이 독 리얼큐브 연어&야채 300g,호랑이_연어_야채_300
후코홀릭,후코홀릭120g 연어와 야채 강아지간식,후코홀릭_연어_야채_120
후코홀릭,후코홀릭 김밥 60g,후코홀릭_김밥_60
힐링타임,에프디트릿 닭간 120g,힐링타임_닭간_120g
힐링타임,에프디트릿 호박 40g,힐링타임_호박_40
힐링타임,FD트릿 오리 80g 펫간식,힐링타임_오리_80
힐링타임,에프디트릿 닭고기 호박 95g,힐링타임_닭고기_호박
힐링타임,FD트릿 호박 40g 펫간식,힐링타임_호박_40
힐링타임,에프디트릿 참치 100g,힐링타임_참치_100
힐링타임,FD트릿 닭고기 n 호박 95g 펫간식,힐링타임_닭고기_호박
힐링타임,FD트릿 대구 60g 펫간식,힐링타임_대구_60
힐링타임,FD트릿 북어 40g 펫간식,힐링타임_북어_40
힐링타임,[에프디트릿] 동결건조간식 강아지 고양이 천연간식 (종류선택) 순살 닭고기 90g,힐링타임_닭고기_90
힐링타임,FD트릿 참치 100g 펫간식,힐링타임_참치_100
힐링타임,에프디트릿 닭심장 70g,힐링타임_닭심장_70g
힐링타임,힐링타임 에프디트릿 동결건조 북어 40g,힐링타임_북어_40
힐링타임,힐링타임 에프디트릿 동결건조 대구 60g,힐링타임_대구_60
힐링타임,힐링타임 에프디트릿 동결건조 닭 간 120g,힐링타임_닭간_120g
힐링타임,FD트릿 토끼 75g 펫간식,힐링타임_토끼_75
힐링타임,힐링타임 에프디트릿 동결건조 가자미 50g,힐링타임_가자미_50
힐링타임,힐링타임 에프디트릿 동결건조 고구마 85g,힐링타임_고구마_85
힐링타임,힐링타임 에프디트릿 동결건조 닭고기 90g,힐링타임_닭고기_90
힐링타임,힐링타임 에프디트릿 동결건조 토끼고기 75g,힐링타임_토끼_75
힐링타임,힐링타임 에프디트릿 동결건조 닭고기+호박 95g,힐링타임_닭고기_호박
힐링타임,힐링타임 에프디 리틀트릿 동결건조 닭고기 45g,힐링타임_닭고기_45g
힐링타임,FD트릿 닭심장 70g 펫간식,힐링타임_닭심장_70g
힐링타임,에프디트릿 연어 80g,힐링타임_연어_80g
힐링타임,에프디트릿 닭고기 90g,힐링타임_닭고기_90
힐링타임,FD트릿 닭고기 90g 펫간식,힐링타임_닭고기_90
힐링타임,힐링타임 에프디트릿 동결건조 대구(대용량) 155g,힐링타임_대구_155
힐링타임,에프디트릿 북어 40g,힐링타임_북어_40
힐링타임,힐링타임 FD 에프디트릿 천연 동결건조 닭고기 90g 고양이간식,힐링타임_닭고기_90
힐링타임,힐링타임 FD 에프디트릿 천연 동결건조 오리고기 80g 고양이간식,힐링타임_오리_80
힐링타임,힐링타임 FD 에프디트릿 천연 동결건조 대구 60g 고양이간식,힐링타임_대구_60
힐링타임,힐링타임 에프디트릿 동결건조 닭고기(대용량) 250g,힐링타임_닭고기_250
힐링타임,힐링타임 에프디트릿 동결건조 닭고기+호박(대용량),힐링타임_닭고기_호박
힐링타임,에프디트릿 토끼 85g,힐링타임_토끼_85
힐링타임,FD트릿 닭간 120g 펫간식,힐링타임_닭간_120g
힐링타임,힐링타임 에프디트릿 동결건조 닭염통(심장) 70g,힐링타임_닭심장_70g
힐링타임,에프디트릿 동결건조 간식 오리고기 240g 대용량 FD 트릿,힐링타임_오리_240
힐링타임,힐링타임 에프디트릿 동결건조 간식 오리고기 240g 대용량 3개 FD 트릿,힐링타임_오리_240
힐링타임,에프디트릿 동결건조간식 닭심장 70g 강아지 고양이간식,힐링타임_닭심장_70g
힐링타임,에프디트릿 리틀 동결건조간식 닭고기 45g 강아지 고양이간식,힐링타임_닭고기_45g
힐링타임,FD트릿 연어 80g 펫간식,힐링타임_연어_80g
